Ville;Latitude;Longitude;Date;Heure;temperature_2m;weathercode;Temps_Label;windspeed_10m;wind_gusts_10m;precipitation
PARIS;48.85;2.35;15/08/2026;00:00;28.1;2;NUAGEUX;3.3;10.4;0
PARIS;48.85;2.35;15/08/2026;01:00;26.6;2;NUAGEUX;2.1;4.7;0
PARIS;48.85;2.35;15/08/2026;02:00;25.2;2;NUAGEUX;3.0;3.6;0
PARIS;48.85;2.35;15/08/2026;03:00;24.6;2;NUAGEUX;2.4;5.8;0
PARIS;48.85;2.35;15/08/2026;04:00;24.1;2;NUAGEUX;2.9;5.0;0
PARIS;48.85;2.35;15/08/2026;05:00;23.6;2;NUAGEUX;3.4;6.5;0
PARIS;48.85;2.35;15/08/2026;06:00;23.6;2;NUAGEUX;3.1;5.8;0
PARIS;48.85;2.35;15/08/2026;07:00;25.4;5;SOLEIL VOILÉ;2.3;5.4;0
PARIS;48.85;2.35;15/08/2026;08:00;27.1;5;SOLEIL VOILÉ;1.3;5.4;0
PARIS;48.85;2.35;15/08/2026;09:00;28.6;5;SOLEIL VOILÉ;1.8;5.0;0
PARIS;48.85;2.35;15/08/2026;10:00;29.7;5;SOLEIL VOILÉ;2.7;8.6;0
PARIS;48.85;2.35;15/08/2026;11:00;31.6;5;SOLEIL VOILÉ;0.8;14.0;0
PARIS;48.85;2.35;15/08/2026;12:00;32.1;5;SOLEIL VOILÉ;1.9;9.7;0
PARIS;48.85;2.35;15/08/2026;13:00;33.1;5;SOLEIL VOILÉ;2.2;8.3;0
PARIS;48.85;2.35;15/08/2026;14:00;33.2;5;SOLEIL VOILÉ;3.5;9.7;0
PARIS;48.85;2.35;15/08/2026;15:00;33.6;5;SOLEIL VOILÉ;3.6;11.9;0
PARIS;48.85;2.35;15/08/2026;16:00;34.1;5;SOLEIL VOILÉ;2.4;10.1;0
PARIS;48.85;2.35;15/08/2026;17:00;32.9;5;SOLEIL VOILÉ;4.0;8.3;0
PARIS;48.85;2.35;15/08/2026;18:00;31.9;5;SOLEIL VOILÉ;0.4;5.8;0
PARIS;48.85;2.35;15/08/2026;19:00;30;5;SOLEIL VOILÉ;5.1;9.0;0
PARIS;48.85;2.35;15/08/2026;20:00;28.9;5;SOLEIL VOILÉ;5.4;11.5;0
PARIS;48.85;2.35;15/08/2026;21:00;25.5;5;SOLEIL VOILÉ;9.4;36.7;0
PARIS;48.85;2.35;15/08/2026;22:00;24.2;5;SOLEIL VOILÉ;7.7;18.7;0
PARIS;48.85;2.35;15/08/2026;23:00;25.1;5;SOLEIL VOILÉ;9.8;20.5;0
PARIS;48.85;2.35;16/08/2026;00:00;24.9;5;SOLEIL VOILÉ;8.8;20.9;0
PARIS;48.85;2.35;16/08/2026;01:00;24.9;5;SOLEIL VOILÉ;10.0;20.2;0
PARIS;48.85;2.35;16/08/2026;02:00;21.7;0;SOLEIL;9.4;24.5;0
PARIS;48.85;2.35;16/08/2026;03:00;21.7;0;SOLEIL;7.9;20.2;0
PARIS;48.85;2.35;16/08/2026;04:00;21.7;0;SOLEIL;9.9;20.2;0
PARIS;48.85;2.35;16/08/2026;05:00;20.6;0;SOLEIL;7.9;35.3;0
PARIS;48.85;2.35;16/08/2026;06:00;20.6;0;SOLEIL;2.2;22.7;0
PARIS;48.85;2.35;16/08/2026;07:00;20.6;0;SOLEIL;10.5;22.0;0
PARIS;48.85;2.35;16/08/2026;08:00;25.1;0;SOLEIL;6.9;25.6;0
PARIS;48.85;2.35;16/08/2026;09:00;25.1;0;SOLEIL;7.7;28.4;0
PARIS;48.85;2.35;16/08/2026;10:00;25.1;0;SOLEIL;7.4;19.1;0
PARIS;48.85;2.35;16/08/2026;11:00;27.6;0;SOLEIL;6.2;16.6;0
PARIS;48.85;2.35;16/08/2026;12:00;27.6;0;SOLEIL;6.2;15.8;0
PARIS;48.85;2.35;16/08/2026;13:00;27.6;0;SOLEIL;8.7;20.5;0
PARIS;48.85;2.35;16/08/2026;14:00;29.6;10;ORAGEUX;9.7;22.7;0
PARIS;48.85;2.35;16/08/2026;15:00;29.6;10;ORAGEUX;11.3;25.9;0
PARIS;48.85;2.35;16/08/2026;16:00;29.6;10;ORAGEUX;11.3;25.9;0
PARIS;48.85;2.35;16/08/2026;17:00;27.9;5;SOLEIL VOILÉ;10.8;26.6;0
PARIS;48.85;2.35;16/08/2026;18:00;27.9;5;SOLEIL VOILÉ;7.2;22.3;0
PARIS;48.85;2.35;16/08/2026;19:00;27.9;5;SOLEIL VOILÉ;15.6;36.0;0
PARIS;48.85;2.35;16/08/2026;20:00;25.6;0;SOLEIL;14.5;33.1;0
PARIS;48.85;2.35;16/08/2026;21:00;25.6;0;SOLEIL;13.2;31.3;0
PARIS;48.85;2.35;16/08/2026;22:00;25.6;0;SOLEIL;13.0;28.8;0
PARIS;48.85;2.35;16/08/2026;23:00;23.1;0;SOLEIL;11.9;29.2;0
BREST;48.39;-4.48;15/08/2026;00:00;18.6;5;SOLEIL VOILÉ;14.8;27.4;0
BREST;48.39;-4.48;15/08/2026;01:00;18.1;0;SOLEIL;14.0;24.5;0
BREST;48.39;-4.48;15/08/2026;02:00;17.6;2;NUAGEUX;12.6;25.2;0
BREST;48.39;-4.48;15/08/2026;03:00;17.6;0;SOLEIL;10.8;25.9;0
BREST;48.39;-4.48;15/08/2026;04:00;17.6;0;SOLEIL;9.9;22.0;0
BREST;48.39;-4.48;15/08/2026;05:00;17.4;0;SOLEIL;9.4;19.1;0
BREST;48.39;-4.48;15/08/2026;06:00;18;2;NUAGEUX;12.6;20.9;0
BREST;48.39;-4.48;15/08/2026;07:00;19.6;0;SOLEIL;11.6;19.8;0
BREST;48.39;-4.48;15/08/2026;08:00;20.9;0;SOLEIL;14.6;25.6;0
BREST;48.39;-4.48;15/08/2026;09:00;21.9;0;SOLEIL;15.9;30.6;0
BREST;48.39;-4.48;15/08/2026;10:00;23.4;0;SOLEIL;13.3;26.6;0
BREST;48.39;-4.48;15/08/2026;11:00;23.5;0;SOLEIL;14.1;27.0;0
BREST;48.39;-4.48;15/08/2026;12:00;24;0;SOLEIL;16.2;29.5;0
BREST;48.39;-4.48;15/08/2026;13:00;24.1;0;SOLEIL;16.3;32.0;0
BREST;48.39;-4.48;15/08/2026;14:00;23.7;0;SOLEIL;16.6;32.4;0
BREST;48.39;-4.48;15/08/2026;15:00;23.7;0;SOLEIL;16.6;33.8;0
BREST;48.39;-4.48;15/08/2026;16:00;23.1;0;SOLEIL;17.7;33.8;0
BREST;48.39;-4.48;15/08/2026;17:00;22.1;0;SOLEIL;16.6;33.8;0
BREST;48.39;-4.48;15/08/2026;18:00;21;0;SOLEIL;16.6;34.9;0
BREST;48.39;-4.48;15/08/2026;19:00;20.9;0;SOLEIL;17.0;33.1;0
BREST;48.39;-4.48;15/08/2026;20:00;19.4;0;SOLEIL;16.3;31.0;0
BREST;48.39;-4.48;15/08/2026;21:00;18.1;0;SOLEIL;17.8;33.1;0
BREST;48.39;-4.48;15/08/2026;22:00;17.4;0;SOLEIL;16.5;31.7;0
BREST;48.39;-4.48;15/08/2026;23:00;16.7;0;SOLEIL;16.7;33.1;0
BREST;48.39;-4.48;16/08/2026;00:00;16.9;0;SOLEIL;16.2;31.7;0
BREST;48.39;-4.48;16/08/2026;01:00;16.9;0;SOLEIL;14.6;30.6;0
BREST;48.39;-4.48;16/08/2026;02:00;16.7;0;SOLEIL;13.3;28.1;0
BREST;48.39;-4.48;16/08/2026;03:00;16.7;0;SOLEIL;15.3;28.8;0
BREST;48.39;-4.48;16/08/2026;04:00;16.7;0;SOLEIL;18.3;34.6;0
BREST;48.39;-4.48;16/08/2026;05:00;16.9;0;SOLEIL;17.0;34.9;0
BREST;48.39;-4.48;16/08/2026;06:00;16.9;0;SOLEIL;14.3;32.8;0
BREST;48.39;-4.48;16/08/2026;07:00;16.9;0;SOLEIL;12.7;28.1;0
BREST;48.39;-4.48;16/08/2026;08:00;21.5;0;SOLEIL;10.7;25.6;0
BREST;48.39;-4.48;16/08/2026;09:00;21.5;0;SOLEIL;9.2;20.9;0
BREST;48.39;-4.48;16/08/2026;10:00;21.5;0;SOLEIL;8.3;18.4;0
BREST;48.39;-4.48;16/08/2026;11:00;24.1;0;SOLEIL;9.3;20.9;0
BREST;48.39;-4.48;16/08/2026;12:00;24.1;0;SOLEIL;9.9;23.0;0
BREST;48.39;-4.48;16/08/2026;13:00;24.1;0;SOLEIL;12.5;27.7;0
BREST;48.39;-4.48;16/08/2026;14:00;24.6;0;SOLEIL;15.8;32.8;0
BREST;48.39;-4.48;16/08/2026;15:00;24.6;0;SOLEIL;17.4;35.3;0
BREST;48.39;-4.48;16/08/2026;16:00;24.6;0;SOLEIL;19.0;37.8;0
BREST;48.39;-4.48;16/08/2026;17:00;20.6;0;SOLEIL;19.8;39.2;0
BREST;48.39;-4.48;16/08/2026;18:00;20.6;0;SOLEIL;21.1;41.8;0
BREST;48.39;-4.48;16/08/2026;19:00;20.6;0;SOLEIL;21.7;43.6;0
BREST;48.39;-4.48;16/08/2026;20:00;17.1;0;SOLEIL;21.1;42.5;0
BREST;48.39;-4.48;16/08/2026;21:00;17.1;0;SOLEIL;19.9;41.0;0
BREST;48.39;-4.48;16/08/2026;22:00;17.1;0;SOLEIL;17.8;38.9;0
BREST;48.39;-4.48;16/08/2026;23:00;16.1;0;SOLEIL;16.4;34.9;0
RENNES;48.11;-1.67;15/08/2026;00:00;19.7;5;SOLEIL VOILÉ;8.6;19.8;0
RENNES;48.11;-1.67;15/08/2026;01:00;20.1;5;SOLEIL VOILÉ;10.6;24.1;0
RENNES;48.11;-1.67;15/08/2026;02:00;19.6;5;SOLEIL VOILÉ;8.9;21.6;0
RENNES;48.11;-1.67;15/08/2026;03:00;19.2;5;SOLEIL VOILÉ;10.3;15.8;0
RENNES;48.11;-1.67;15/08/2026;04:00;19.1;5;SOLEIL VOILÉ;8.3;20.9;0
RENNES;48.11;-1.67;15/08/2026;05:00;19.4;5;SOLEIL VOILÉ;10.2;20.2;0
RENNES;48.11;-1.67;15/08/2026;06:00;19.2;5;SOLEIL VOILÉ;11.4;21.2;0
RENNES;48.11;-1.67;15/08/2026;07:00;21.7;5;SOLEIL VOILÉ;11.4;23.0;0
RENNES;48.11;-1.67;15/08/2026;08:00;24;5;SOLEIL VOILÉ;11.2;20.9;0
RENNES;48.11;-1.67;15/08/2026;09:00;24.1;5;SOLEIL VOILÉ;14.2;24.8;0
RENNES;48.11;-1.67;15/08/2026;10:00;25.6;5;SOLEIL VOILÉ;12.2;25.9;0
RENNES;48.11;-1.67;15/08/2026;11:00;27.6;5;SOLEIL VOILÉ;12.2;25.9;0
RENNES;48.11;-1.67;15/08/2026;12:00;29.2;5;SOLEIL VOILÉ;13.6;27.7;0
RENNES;48.11;-1.67;15/08/2026;13:00;28.9;5;SOLEIL VOILÉ;14.6;29.9;0
RENNES;48.11;-1.67;15/08/2026;14:00;29.6;0;SOLEIL;14.2;28.4;0
RENNES;48.11;-1.67;15/08/2026;15:00;29.2;0;SOLEIL;14.3;28.1;0
RENNES;48.11;-1.67;15/08/2026;16:00;28.4;0;SOLEIL;15.1;32.4;0
RENNES;48.11;-1.67;15/08/2026;17:00;27.5;0;SOLEIL;14.8;28.8;0
RENNES;48.11;-1.67;15/08/2026;18:00;26.1;0;SOLEIL;15.6;31.3;0
RENNES;48.11;-1.67;15/08/2026;19:00;23.5;0;SOLEIL;17.8;33.5;0
RENNES;48.11;-1.67;15/08/2026;20:00;22;0;SOLEIL;17.1;35.3;0
RENNES;48.11;-1.67;15/08/2026;21:00;21.7;0;SOLEIL;13.6;29.5;0
RENNES;48.11;-1.67;15/08/2026;22:00;21.9;0;SOLEIL;15.8;30.2;0
RENNES;48.11;-1.67;15/08/2026;23:00;20.9;0;SOLEIL;15.2;31.5;0
RENNES;48.11;-1.67;16/08/2026;00:00;19.7;0;SOLEIL;13.7;28.4;0
RENNES;48.11;-1.67;16/08/2026;01:00;19.7;0;SOLEIL;12.9;29.4;0
RENNES;48.11;-1.67;16/08/2026;02:00;18.7;0;SOLEIL;13.5;25.9;0
RENNES;48.11;-1.67;16/08/2026;03:00;18.7;0;SOLEIL;12.0;27.7;0
RENNES;48.11;-1.67;16/08/2026;04:00;18.7;0;SOLEIL;12.7;24.8;0
RENNES;48.11;-1.67;16/08/2026;05:00;19.1;0;SOLEIL;9.2;24.5;0
RENNES;48.11;-1.67;16/08/2026;06:00;19.1;0;SOLEIL;7.1;17.6;0
RENNES;48.11;-1.67;16/08/2026;07:00;19.1;0;SOLEIL;8.1;14.0;0
RENNES;48.11;-1.67;16/08/2026;08:00;25.1;0;SOLEIL;9.3;18.0;0
RENNES;48.11;-1.67;16/08/2026;09:00;25.1;0;SOLEIL;10.7;21.6;0
RENNES;48.11;-1.67;16/08/2026;10:00;25.1;0;SOLEIL;10.2;21.6;0
RENNES;48.11;-1.67;16/08/2026;11:00;29.6;0;SOLEIL;10.5;23.0;0
RENNES;48.11;-1.67;16/08/2026;12:00;29.6;0;SOLEIL;11.5;24.8;0
RENNES;48.11;-1.67;16/08/2026;13:00;29.6;0;SOLEIL;12.2;26.6;0
RENNES;48.11;-1.67;16/08/2026;14:00;30.6;0;SOLEIL;11.5;27.4;0
RENNES;48.11;-1.67;16/08/2026;15:00;30.6;0;SOLEIL;14.6;31.0;0
RENNES;48.11;-1.67;16/08/2026;16:00;30.6;0;SOLEIL;13.2;32.0;0
RENNES;48.11;-1.67;16/08/2026;17:00;27.1;0;SOLEIL;14.6;30.2;0
RENNES;48.11;-1.67;16/08/2026;18:00;27.1;0;SOLEIL;14.6;31.0;0
RENNES;48.11;-1.67;16/08/2026;19:00;27.1;0;SOLEIL;16.5;32.8;0
RENNES;48.11;-1.67;16/08/2026;20:00;21;0;SOLEIL;20.6;39.2;0
RENNES;48.11;-1.67;16/08/2026;21:00;21;0;SOLEIL;16.5;38.9;0
RENNES;48.11;-1.67;16/08/2026;22:00;21;0;SOLEIL;15.9;32.4;0
RENNES;48.11;-1.67;16/08/2026;23:00;18.5;0;SOLEIL;14.2;30.6;0
CHERBOURG;49.63;-1.62;15/08/2026;00:00;20.1;5;SOLEIL VOILÉ;5.4;11.5;0
CHERBOURG;49.63;-1.62;15/08/2026;01:00;20;5;SOLEIL VOILÉ;5.9;12.6;0
CHERBOURG;49.63;-1.62;15/08/2026;02:00;19.5;5;SOLEIL VOILÉ;5.2;12.2;0
CHERBOURG;49.63;-1.62;15/08/2026;03:00;18.5;5;SOLEIL VOILÉ;4.3;10.8;0
CHERBOURG;49.63;-1.62;15/08/2026;04:00;18.7;5;SOLEIL VOILÉ;3.9;9.0;0
CHERBOURG;49.63;-1.62;15/08/2026;05:00;18.6;5;SOLEIL VOILÉ;2.0;7.9;0
CHERBOURG;49.63;-1.62;15/08/2026;06:00;19.1;5;SOLEIL VOILÉ;1.8;4.0;0
CHERBOURG;49.63;-1.62;15/08/2026;07:00;21.6;0;SOLEIL;2.9;5.4;0
CHERBOURG;49.63;-1.62;15/08/2026;08:00;23.1;0;SOLEIL;4.1;7.6;0
CHERBOURG;49.63;-1.62;15/08/2026;09:00;23.6;0;SOLEIL;6.1;13.0;0
CHERBOURG;49.63;-1.62;15/08/2026;10:00;24.9;0;SOLEIL;8.8;20.5;0
CHERBOURG;49.63;-1.62;15/08/2026;11:00;24.9;0;SOLEIL;10.1;23.4;0
CHERBOURG;49.63;-1.62;15/08/2026;12:00;25.4;0;SOLEIL;10.8;25.6;0
CHERBOURG;49.63;-1.62;15/08/2026;13:00;25.2;0;SOLEIL;11.3;26.6;0
CHERBOURG;49.63;-1.62;15/08/2026;14:00;26.6;0;SOLEIL;10.8;26.6;0
CHERBOURG;49.63;-1.62;15/08/2026;15:00;26.9;0;SOLEIL;10.6;25.6;0
CHERBOURG;49.63;-1.62;15/08/2026;16:00;26.9;0;SOLEIL;11.7;27.7;0
CHERBOURG;49.63;-1.62;15/08/2026;17:00;26.7;0;SOLEIL;12.7;29.2;0
CHERBOURG;49.63;-1.62;15/08/2026;18:00;25.1;0;SOLEIL;13.0;28.8;0
CHERBOURG;49.63;-1.62;15/08/2026;19:00;23.7;0;SOLEIL;12.0;27.0;0
CHERBOURG;49.63;-1.62;15/08/2026;20:00;22.1;0;SOLEIL;10.7;27.0;0
CHERBOURG;49.63;-1.62;15/08/2026;21:00;20.6;0;SOLEIL;8.6;22.7;0
CHERBOURG;49.63;-1.62;15/08/2026;22:00;19.5;0;SOLEIL;7.2;17.3;0
CHERBOURG;49.63;-1.62;15/08/2026;23:00;18.9;0;SOLEIL;7.2;14.8;0
CHERBOURG;49.63;-1.62;16/08/2026;00:00;19;0;SOLEIL;6.8;14.4;0
CHERBOURG;49.63;-1.62;16/08/2026;01:00;19;0;SOLEIL;5.8;14.0;0
CHERBOURG;49.63;-1.62;16/08/2026;02:00;19.6;0;SOLEIL;5.5;11.9;0
CHERBOURG;49.63;-1.62;16/08/2026;03:00;19.6;0;SOLEIL;5.2;10.8;0
CHERBOURG;49.63;-1.62;16/08/2026;04:00;19.6;0;SOLEIL;5.6;11.2;0
CHERBOURG;49.63;-1.62;16/08/2026;05:00;20;5;SOLEIL VOILÉ;6.2;12.2;0
CHERBOURG;49.63;-1.62;16/08/2026;06:00;20;5;SOLEIL VOILÉ;7.0;14.0;0
CHERBOURG;49.63;-1.62;16/08/2026;07:00;20;5;SOLEIL VOILÉ;8.5;16.9;0
CHERBOURG;49.63;-1.62;16/08/2026;08:00;23.6;5;SOLEIL VOILÉ;10.4;21.6;0
CHERBOURG;49.63;-1.62;16/08/2026;09:00;23.6;5;SOLEIL VOILÉ;14.1;29.9;0
CHERBOURG;49.63;-1.62;16/08/2026;10:00;23.6;5;SOLEIL VOILÉ;15.5;33.8;0
CHERBOURG;49.63;-1.62;16/08/2026;11:00;24.9;0;SOLEIL;15.5;33.5;0
CHERBOURG;49.63;-1.62;16/08/2026;12:00;24.9;0;SOLEIL;14.6;33.1;0
CHERBOURG;49.63;-1.62;16/08/2026;13:00;24.9;0;SOLEIL;15.3;33.5;0
CHERBOURG;49.63;-1.62;16/08/2026;14:00;25.6;0;SOLEIL;14.2;33.5;0
CHERBOURG;49.63;-1.62;16/08/2026;15:00;25.6;0;SOLEIL;14.4;33.5;0
CHERBOURG;49.63;-1.62;16/08/2026;16:00;25.6;0;SOLEIL;12.6;33.1;0
CHERBOURG;49.63;-1.62;16/08/2026;17:00;24.2;0;SOLEIL;11.7;29.2;0
CHERBOURG;49.63;-1.62;16/08/2026;18:00;24.2;0;SOLEIL;10.6;27.7;0
CHERBOURG;49.63;-1.62;16/08/2026;19:00;24.2;0;SOLEIL;9.7;24.5;0
CHERBOURG;49.63;-1.62;16/08/2026;20:00;20.5;0;SOLEIL;8.7;22.0;0
CHERBOURG;49.63;-1.62;16/08/2026;21:00;20.5;0;SOLEIL;7.3;19.1;0
CHERBOURG;49.63;-1.62;16/08/2026;22:00;20.5;0;SOLEIL;6.0;14.4;0
CHERBOURG;49.63;-1.62;16/08/2026;23:00;18.9;0;SOLEIL;6.2;12.6;0
ROUEN;49.44;1.1;15/08/2026;00:00;19;0;SOLEIL;5.2;11.9;0
ROUEN;49.44;1.1;15/08/2026;01:00;18.7;0;SOLEIL;6.4;13.0;0
ROUEN;49.44;1.1;15/08/2026;02:00;18.4;5;SOLEIL VOILÉ;4.9;12.6;0
ROUEN;49.44;1.1;15/08/2026;03:00;18.1;5;SOLEIL VOILÉ;4.7;10.1;0
ROUEN;49.44;1.1;15/08/2026;04:00;18.1;5;SOLEIL VOILÉ;3.0;9.0;0
ROUEN;49.44;1.1;15/08/2026;05:00;18.1;5;SOLEIL VOILÉ;3.6;7.9;0
ROUEN;49.44;1.1;15/08/2026;06:00;19;5;SOLEIL VOILÉ;2.9;6.5;0
ROUEN;49.44;1.1;15/08/2026;07:00;23.6;5;SOLEIL VOILÉ;2.6;6.8;0
ROUEN;49.44;1.1;15/08/2026;08:00;26.6;5;SOLEIL VOILÉ;0.8;4.7;0
ROUEN;49.44;1.1;15/08/2026;09:00;27.1;6;AVERSES;3.0;7.2;0.1
ROUEN;49.44;1.1;15/08/2026;10:00;28.6;5;SOLEIL VOILÉ;3.2;8.6;0
ROUEN;49.44;1.1;15/08/2026;11:00;30.6;5;SOLEIL VOILÉ;2.6;9.0;0
ROUEN;49.44;1.1;15/08/2026;12:00;31.6;5;SOLEIL VOILÉ;3.7;11.2;0
ROUEN;49.44;1.1;15/08/2026;13:00;31.6;5;SOLEIL VOILÉ;6.9;16.6;0
ROUEN;49.44;1.1;15/08/2026;14:00;31.6;5;SOLEIL VOILÉ;5.4;21.2;0
ROUEN;49.44;1.1;15/08/2026;15:00;30.6;5;SOLEIL VOILÉ;10.6;25.2;0
ROUEN;49.44;1.1;15/08/2026;16:00;30.4;5;SOLEIL VOILÉ;10.5;28.8;0
ROUEN;49.44;1.1;15/08/2026;17:00;28.7;5;SOLEIL VOILÉ;11.5;29.9;0
ROUEN;49.44;1.1;15/08/2026;18:00;26.9;0;SOLEIL;14.5;32.8;0
ROUEN;49.44;1.1;15/08/2026;19:00;22.6;0;SOLEIL;12.5;32.8;0
ROUEN;49.44;1.1;15/08/2026;20:00;20;0;SOLEIL;11.7;29.9;0
ROUEN;49.44;1.1;15/08/2026;21:00;19.9;0;SOLEIL;9.7;24.8;0
ROUEN;49.44;1.1;15/08/2026;22:00;20.4;0;SOLEIL;8.7;20.9;0
ROUEN;49.44;1.1;15/08/2026;23:00;19.2;0;SOLEIL;7.4;19.4;0
ROUEN;49.44;1.1;16/08/2026;00:00;19;0;SOLEIL;5.6;16.2;0
ROUEN;49.44;1.1;16/08/2026;01:00;19;0;SOLEIL;5.7;13.3;0
ROUEN;49.44;1.1;16/08/2026;02:00;18;0;SOLEIL;4.1;16.6;0
ROUEN;49.44;1.1;16/08/2026;03:00;18;0;SOLEIL;4.5;13.3;0
ROUEN;49.44;1.1;16/08/2026;04:00;18;0;SOLEIL;4.7;10.4;0
ROUEN;49.44;1.1;16/08/2026;05:00;18.1;0;SOLEIL;4.6;11.5;0
ROUEN;49.44;1.1;16/08/2026;06:00;18.1;0;SOLEIL;4.0;10.1;0
ROUEN;49.44;1.1;16/08/2026;07:00;18.1;0;SOLEIL;3.2;9.0;0
ROUEN;49.44;1.1;16/08/2026;08:00;25.6;0;SOLEIL;4.3;10.4;0
ROUEN;49.44;1.1;16/08/2026;09:00;25.6;0;SOLEIL;7.2;16.9;0
ROUEN;49.44;1.1;16/08/2026;10:00;25.6;0;SOLEIL;7.2;18.0;0
ROUEN;49.44;1.1;16/08/2026;11:00;28.7;5;SOLEIL VOILÉ;7.5;19.1;0
ROUEN;49.44;1.1;16/08/2026;12:00;28.7;5;SOLEIL VOILÉ;9.7;24.1;0
ROUEN;49.44;1.1;16/08/2026;13:00;28.7;5;SOLEIL VOILÉ;12.3;29.5;0
ROUEN;49.44;1.1;16/08/2026;14:00;29.6;5;SOLEIL VOILÉ;13.3;31.7;0
ROUEN;49.44;1.1;16/08/2026;15:00;29.6;5;SOLEIL VOILÉ;13.6;32.8;0
ROUEN;49.44;1.1;16/08/2026;16:00;29.6;5;SOLEIL VOILÉ;14.7;35.3;0
ROUEN;49.44;1.1;16/08/2026;17:00;26.5;0;SOLEIL;14.6;34.9;0
ROUEN;49.44;1.1;16/08/2026;18:00;26.5;0;SOLEIL;14.5;34.6;0
ROUEN;49.44;1.1;16/08/2026;19:00;26.5;0;SOLEIL;13.7;34.2;0
ROUEN;49.44;1.1;16/08/2026;20:00;21.4;0;SOLEIL;14.7;33.5;0
ROUEN;49.44;1.1;16/08/2026;21:00;21.4;0;SOLEIL;14.7;33.5;0
ROUEN;49.44;1.1;16/08/2026;22:00;21.4;0;SOLEIL;12.4;32.4;0
ROUEN;49.44;1.1;16/08/2026;23:00;18.5;0;SOLEIL;10.5;27.7;0
LILLE;50.62;3.05;15/08/2026;00:00;26.1;2;NUAGEUX;3.6;6.5;0
LILLE;50.62;3.05;15/08/2026;01:00;25.6;2;NUAGEUX;5.4;6.5;0
LILLE;50.62;3.05;15/08/2026;02:00;25.1;2;NUAGEUX;1.8;2.5;0
LILLE;50.62;3.05;15/08/2026;03:00;23.6;2;NUAGEUX;2.5;2.9;0
LILLE;50.62;3.05;15/08/2026;04:00;22.1;10;ORAGEUX;5.4;6.5;0.2
LILLE;50.62;3.05;15/08/2026;05:00;21.2;10;ORAGEUX;4.7;6.1;0.2
LILLE;50.62;3.05;15/08/2026;06:00;21.6;10;ORAGEUX;3.6;4.0;0.2
LILLE;50.62;3.05;15/08/2026;07:00;23.2;0;SOLEIL;5.0;5.8;0
LILLE;50.62;3.05;15/08/2026;08:00;26.1;2;NUAGEUX;3.2;4.7;0
LILLE;50.62;3.05;15/08/2026;09:00;26.9;0;SOLEIL;8.3;13.3;0
LILLE;50.62;3.05;15/08/2026;10:00;28.5;0;SOLEIL;4.0;10.4;0
LILLE;50.62;3.05;15/08/2026;11:00;28.7;0;SOLEIL;1.8;9.4;0
LILLE;50.62;3.05;15/08/2026;12:00;30.1;0;SOLEIL;2.2;12.6;0
LILLE;50.62;3.05;15/08/2026;13:00;30.6;0;SOLEIL;2.5;15.5;0
LILLE;50.62;3.05;15/08/2026;14:00;31.1;0;SOLEIL;4.0;18.7;0
LILLE;50.62;3.05;15/08/2026;15:00;30.9;0;SOLEIL;3.2;18.0;0
LILLE;50.62;3.05;15/08/2026;16:00;30;0;SOLEIL;7.6;23.0;0
LILLE;50.62;3.05;15/08/2026;17:00;28.1;0;SOLEIL;8.3;22.3;0
LILLE;50.62;3.05;15/08/2026;18:00;27.4;0;SOLEIL;11.9;27.7;0
LILLE;50.62;3.05;15/08/2026;19:00;23.9;0;SOLEIL;16.9;40.0;0
LILLE;50.62;3.05;15/08/2026;20:00;21.9;0;SOLEIL;12.6;32.4;0
LILLE;50.62;3.05;15/08/2026;21:00;20.6;0;SOLEIL;11.9;24.1;0
LILLE;50.62;3.05;15/08/2026;22:00;19.9;0;SOLEIL;9.7;21.2;0
LILLE;50.62;3.05;15/08/2026;23:00;19.2;0;SOLEIL;10.8;27.7;0
LILLE;50.62;3.05;16/08/2026;00:00;19.2;0;SOLEIL;6.8;19.8;0
LILLE;50.62;3.05;16/08/2026;01:00;19.2;0;SOLEIL;6.5;15.5;0
LILLE;50.62;3.05;16/08/2026;02:00;18.2;0;SOLEIL;7.2;13.3;0
LILLE;50.62;3.05;16/08/2026;03:00;18.2;0;SOLEIL;7.9;14.4;0
LILLE;50.62;3.05;16/08/2026;04:00;18.2;0;SOLEIL;9.0;16.9;0
LILLE;50.62;3.05;16/08/2026;05:00;18.2;5;SOLEIL VOILÉ;13.3;22.3;0
LILLE;50.62;3.05;16/08/2026;06:00;18.2;5;SOLEIL VOILÉ;14.8;27.7;0
LILLE;50.62;3.05;16/08/2026;07:00;18.2;5;SOLEIL VOILÉ;11.2;27.4;0
LILLE;50.62;3.05;16/08/2026;08:00;22.1;5;SOLEIL VOILÉ;10.8;23.4;0
LILLE;50.62;3.05;16/08/2026;09:00;22.1;5;SOLEIL VOILÉ;9.0;21.2;0
LILLE;50.62;3.05;16/08/2026;10:00;22.1;5;SOLEIL VOILÉ;3.2;18.7;0
LILLE;50.62;3.05;16/08/2026;11:00;25;5;SOLEIL VOILÉ;9.7;20.2;0
LILLE;50.62;3.05;16/08/2026;12:00;25;5;SOLEIL VOILÉ;7.2;24.5;0
LILLE;50.62;3.05;16/08/2026;13:00;25;5;SOLEIL VOILÉ;7.6;22.3;0
LILLE;50.62;3.05;16/08/2026;14:00;26.6;5;SOLEIL VOILÉ;9.0;22.3;0
LILLE;50.62;3.05;16/08/2026;15:00;26.6;5;SOLEIL VOILÉ;9.0;22.7;0
LILLE;50.62;3.05;16/08/2026;16:00;26.6;5;SOLEIL VOILÉ;6.8;23.4;0
LILLE;50.62;3.05;16/08/2026;17:00;23.7;5;SOLEIL VOILÉ;7.9;22.0;0
LILLE;50.62;3.05;16/08/2026;18:00;23.7;5;SOLEIL VOILÉ;21.2;46.8;0
LILLE;50.62;3.05;16/08/2026;19:00;23.7;5;SOLEIL VOILÉ;17.3;41.4;0
LILLE;50.62;3.05;16/08/2026;20:00;20.6;0;SOLEIL;18.0;35.3;0
LILLE;50.62;3.05;16/08/2026;21:00;20.6;0;SOLEIL;15.1;34.2;0
LILLE;50.62;3.05;16/08/2026;22:00;20.6;0;SOLEIL;18.0;33.5;0
LILLE;50.62;3.05;16/08/2026;23:00;18.6;0;SOLEIL;15.1;33.5;0
BOULOGNE-SUR-MER;50.726;1.614;15/08/2026;00:00;22.6;0;SOLEIL;10.9;18.7;0
BOULOGNE-SUR-MER;50.726;1.614;15/08/2026;01:00;22.1;2;NUAGEUX;10.3;18.7;0
BOULOGNE-SUR-MER;50.726;1.614;15/08/2026;02:00;21;2;NUAGEUX;8.9;18.0;0
BOULOGNE-SUR-MER;50.726;1.614;15/08/2026;03:00;20.7;2;NUAGEUX;6.1;13.7;0
BOULOGNE-SUR-MER;50.726;1.614;15/08/2026;04:00;20.6;2;NUAGEUX;2.6;10.4;0
BOULOGNE-SUR-MER;50.726;1.614;15/08/2026;05:00;19.9;0;SOLEIL;5.1;8.3;0
BOULOGNE-SUR-MER;50.726;1.614;15/08/2026;06:00;20.5;0;SOLEIL;5.2;8.6;0
BOULOGNE-SUR-MER;50.726;1.614;15/08/2026;07:00;21.5;0;SOLEIL;5.5;9.4;0
BOULOGNE-SUR-MER;50.726;1.614;15/08/2026;08:00;22.7;0;SOLEIL;4.6;9.7;0
BOULOGNE-SUR-MER;50.726;1.614;15/08/2026;09:00;23.6;0;SOLEIL;3.6;6.8;0
BOULOGNE-SUR-MER;50.726;1.614;15/08/2026;10:00;23.6;0;SOLEIL;7.0;13.3;0
BOULOGNE-SUR-MER;50.726;1.614;15/08/2026;11:00;23.6;0;SOLEIL;9.4;18.7;0
BOULOGNE-SUR-MER;50.726;1.614;15/08/2026;12:00;24.4;0;SOLEIL;9.4;20.5;0
BOULOGNE-SUR-MER;50.726;1.614;15/08/2026;13:00;24.4;0;SOLEIL;9.8;20.2;0
BOULOGNE-SUR-MER;50.726;1.614;15/08/2026;14:00;24.4;0;SOLEIL;11.4;22.3;0
BOULOGNE-SUR-MER;50.726;1.614;15/08/2026;15:00;24.6;0;SOLEIL;10.5;23.0;0
BOULOGNE-SUR-MER;50.726;1.614;15/08/2026;16:00;23.9;0;SOLEIL;9.4;21.2;0
BOULOGNE-SUR-MER;50.726;1.614;15/08/2026;17:00;23.4;0;SOLEIL;9.5;22.0;0
BOULOGNE-SUR-MER;50.726;1.614;15/08/2026;18:00;22.2;0;SOLEIL;8.7;21.2;0
BOULOGNE-SUR-MER;50.726;1.614;15/08/2026;19:00;21.2;0;SOLEIL;5.8;16.2;0
BOULOGNE-SUR-MER;50.726;1.614;15/08/2026;20:00;20.1;0;SOLEIL;8.8;17.6;0
BOULOGNE-SUR-MER;50.726;1.614;15/08/2026;21:00;19.2;0;SOLEIL;4.9;19.1;0
BOULOGNE-SUR-MER;50.726;1.614;15/08/2026;22:00;19.2;0;SOLEIL;3.5;9.4;0
BOULOGNE-SUR-MER;50.726;1.614;15/08/2026;23:00;18.9;0;SOLEIL;5.0;12.6;0
BOULOGNE-SUR-MER;50.726;1.614;16/08/2026;00:00;19;0;SOLEIL;4.6;8.6;0
BOULOGNE-SUR-MER;50.726;1.614;16/08/2026;01:00;19;0;SOLEIL;3.6;10.1;0
BOULOGNE-SUR-MER;50.726;1.614;16/08/2026;02:00;18.2;0;SOLEIL;4.2;8.6;0
BOULOGNE-SUR-MER;50.726;1.614;16/08/2026;03:00;18.2;0;SOLEIL;3.2;7.2;0
BOULOGNE-SUR-MER;50.726;1.614;16/08/2026;04:00;18.2;0;SOLEIL;2.1;14.0;0
BOULOGNE-SUR-MER;50.726;1.614;16/08/2026;05:00;18.7;5;SOLEIL VOILÉ;2.2;15.5;0
BOULOGNE-SUR-MER;50.726;1.614;16/08/2026;06:00;18.7;5;SOLEIL VOILÉ;4.2;17.6;0
BOULOGNE-SUR-MER;50.726;1.614;16/08/2026;07:00;18.7;5;SOLEIL VOILÉ;3.4;9.4;0
BOULOGNE-SUR-MER;50.726;1.614;16/08/2026;08:00;21.7;5;SOLEIL VOILÉ;5.0;9.7;0
BOULOGNE-SUR-MER;50.726;1.614;16/08/2026;09:00;21.7;5;SOLEIL VOILÉ;8.1;16.2;0
BOULOGNE-SUR-MER;50.726;1.614;16/08/2026;10:00;21.7;5;SOLEIL VOILÉ;9.7;19.1;0
BOULOGNE-SUR-MER;50.726;1.614;16/08/2026;11:00;23;5;SOLEIL VOILÉ;13.4;20.9;0
BOULOGNE-SUR-MER;50.726;1.614;16/08/2026;12:00;23;5;SOLEIL VOILÉ;16.3;25.6;0
BOULOGNE-SUR-MER;50.726;1.614;16/08/2026;13:00;23;5;SOLEIL VOILÉ;18.1;28.4;0
BOULOGNE-SUR-MER;50.726;1.614;16/08/2026;14:00;24.1;5;SOLEIL VOILÉ;20.2;32.8;0
BOULOGNE-SUR-MER;50.726;1.614;16/08/2026;15:00;24.1;5;SOLEIL VOILÉ;20.7;34.6;0
BOULOGNE-SUR-MER;50.726;1.614;16/08/2026;16:00;24.1;5;SOLEIL VOILÉ;20.2;34.6;0
BOULOGNE-SUR-MER;50.726;1.614;16/08/2026;17:00;21.9;0;SOLEIL;20.3;34.2;0
BOULOGNE-SUR-MER;50.726;1.614;16/08/2026;18:00;21.9;0;SOLEIL;21.0;37.4;0
BOULOGNE-SUR-MER;50.726;1.614;16/08/2026;19:00;21.9;0;SOLEIL;22.4;43.9;0
BOULOGNE-SUR-MER;50.726;1.614;16/08/2026;20:00;19.9;0;SOLEIL;21.7;43.2;0
BOULOGNE-SUR-MER;50.726;1.614;16/08/2026;21:00;19.9;0;SOLEIL;19.8;41.8;0
BOULOGNE-SUR-MER;50.726;1.614;16/08/2026;22:00;19.9;0;SOLEIL;15.1;36.7;0
BOULOGNE-SUR-MER;50.726;1.614;16/08/2026;23:00;19.6;0;SOLEIL;13.0;29.5;0
REIMS;49.25;4.03;15/08/2026;00:00;25.2;0;SOLEIL;2.0;6.5;0
REIMS;49.25;4.03;15/08/2026;01:00;25.4;0;SOLEIL;1.9;3.6;0
REIMS;49.25;4.03;15/08/2026;02:00;25.1;0;SOLEIL;2.3;7.6;0
REIMS;49.25;4.03;15/08/2026;03:00;23.6;2;NUAGEUX;2.7;5.8;0
REIMS;49.25;4.03;15/08/2026;04:00;22.6;2;NUAGEUX;2.2;5.4;0
REIMS;49.25;4.03;15/08/2026;05:00;23.6;2;NUAGEUX;2.6;3.6;0
REIMS;49.25;4.03;15/08/2026;06:00;24.1;2;NUAGEUX;1.6;6.5;0
REIMS;49.25;4.03;15/08/2026;07:00;27.1;2;NUAGEUX;1.4;4.3;0
REIMS;49.25;4.03;15/08/2026;08:00;29;2;NUAGEUX;1.1;3.2;0
REIMS;49.25;4.03;15/08/2026;09:00;29.7;2;NUAGEUX;1.6;5.4;0
REIMS;49.25;4.03;15/08/2026;10:00;32.9;7;PLUIE FAIBLE;4.0;10.8;0.2
REIMS;49.25;4.03;15/08/2026;11:00;33.7;7;PLUIE FAIBLE;2.6;10.4;0.2
REIMS;49.25;4.03;15/08/2026;12:00;34.7;7;PLUIE FAIBLE;4.3;12.2;0.2
REIMS;49.25;4.03;15/08/2026;13:00;35.1;5;SOLEIL VOILÉ;6.2;15.8;0
REIMS;49.25;4.03;15/08/2026;14:00;34.9;5;SOLEIL VOILÉ;5.5;15.8;0
REIMS;49.25;4.03;15/08/2026;15:00;34.9;5;SOLEIL VOILÉ;4.3;15.5;0
REIMS;49.25;4.03;15/08/2026;16:00;33.7;5;SOLEIL VOILÉ;7.7;16.6;0
REIMS;49.25;4.03;15/08/2026;17:00;33.1;5;SOLEIL VOILÉ;8.7;36.0;0
REIMS;49.25;4.03;15/08/2026;18:00;32.1;5;SOLEIL VOILÉ;9.1;31.0;0
REIMS;49.25;4.03;15/08/2026;19:00;30.2;5;SOLEIL VOILÉ;13.0;32.0;0
REIMS;49.25;4.03;15/08/2026;20:00;29.4;5;SOLEIL VOILÉ;7.1;25.6;0
REIMS;49.25;4.03;15/08/2026;21:00;27.6;5;SOLEIL VOILÉ;4.8;14.8;0
REIMS;49.25;4.03;15/08/2026;22:00;26.5;5;SOLEIL VOILÉ;4.7;10.8;0
REIMS;49.25;4.03;15/08/2026;23:00;25.6;5;SOLEIL VOILÉ;3.4;9.7;0
REIMS;49.25;4.03;16/08/2026;00:00;24.1;5;SOLEIL VOILÉ;3.0;9.0;0
REIMS;49.25;4.03;16/08/2026;01:00;24.1;5;SOLEIL VOILÉ;1.1;5.4;0
REIMS;49.25;4.03;16/08/2026;02:00;21;0;SOLEIL;2.3;2.5;0
REIMS;49.25;4.03;16/08/2026;03:00;21;0;SOLEIL;1.6;5.0;0
REIMS;49.25;4.03;16/08/2026;04:00;21;0;SOLEIL;1.8;5.0;0
REIMS;49.25;4.03;16/08/2026;05:00;21.1;0;SOLEIL;1.6;4.0;0
REIMS;49.25;4.03;16/08/2026;06:00;21.1;0;SOLEIL;3.2;6.8;0
REIMS;49.25;4.03;16/08/2026;07:00;21.1;0;SOLEIL;2.2;6.1;0
REIMS;49.25;4.03;16/08/2026;08:00;26.1;0;SOLEIL;2.6;9.7;0
REIMS;49.25;4.03;16/08/2026;09:00;26.1;0;SOLEIL;1.3;9.0;0
REIMS;49.25;4.03;16/08/2026;10:00;26.1;0;SOLEIL;4.2;14.8;0
REIMS;49.25;4.03;16/08/2026;11:00;28.9;0;SOLEIL;4.3;15.5;0
REIMS;49.25;4.03;16/08/2026;12:00;28.9;0;SOLEIL;4.8;12.6;0
REIMS;49.25;4.03;16/08/2026;13:00;28.9;0;SOLEIL;3.1;13.0;0
REIMS;49.25;4.03;16/08/2026;14:00;28.5;6;AVERSES;5.4;14.0;0
REIMS;49.25;4.03;16/08/2026;15:00;28.5;6;AVERSES;8.4;20.5;0
REIMS;49.25;4.03;16/08/2026;16:00;28.5;6;AVERSES;9.7;22.3;0
REIMS;49.25;4.03;16/08/2026;17:00;27.4;5;SOLEIL VOILÉ;14.5;35.6;0
REIMS;49.25;4.03;16/08/2026;18:00;27.4;5;SOLEIL VOILÉ;16.3;38.2;0
REIMS;49.25;4.03;16/08/2026;19:00;27.4;5;SOLEIL VOILÉ;12.7;38.9;0
REIMS;49.25;4.03;16/08/2026;20:00;23.1;5;SOLEIL VOILÉ;11.0;29.2;0
REIMS;49.25;4.03;16/08/2026;21:00;23.1;5;SOLEIL VOILÉ;10.6;27.0;0
REIMS;49.25;4.03;16/08/2026;22:00;23.1;5;SOLEIL VOILÉ;9.6;22.0;0
REIMS;49.25;4.03;16/08/2026;23:00;19.6;0;SOLEIL;13.3;29.2;0
METZ;49.11;6.17;15/08/2026;00:00;24.1;0;SOLEIL;2.1;10.4;0
METZ;49.11;6.17;15/08/2026;01:00;24.5;0;SOLEIL;1.5;3.6;0
METZ;49.11;6.17;15/08/2026;02:00;23.1;0;SOLEIL;3.3;5.0;0
METZ;49.11;6.17;15/08/2026;03:00;21.6;0;SOLEIL;3.0;7.2;0
METZ;49.11;6.17;15/08/2026;04:00;21;0;SOLEIL;3.5;7.2;0
METZ;49.11;6.17;15/08/2026;05:00;22.1;5;SOLEIL VOILÉ;4.0;8.6;0
METZ;49.11;6.17;15/08/2026;06:00;24.6;5;SOLEIL VOILÉ;2.6;7.9;0
METZ;49.11;6.17;15/08/2026;07:00;27.2;0;SOLEIL;3.4;6.8;0
METZ;49.11;6.17;15/08/2026;08:00;28.9;0;SOLEIL;3.4;7.9;0
METZ;49.11;6.17;15/08/2026;09:00;30.7;0;SOLEIL;2.9;7.9;0
METZ;49.11;6.17;15/08/2026;10:00;34;5;SOLEIL VOILÉ;4.0;10.4;0
METZ;49.11;6.17;15/08/2026;11:00;34.7;2;NUAGEUX;5.0;11.9;0
METZ;49.11;6.17;15/08/2026;12:00;35.1;2;NUAGEUX;4.7;14.0;0
METZ;49.11;6.17;15/08/2026;13:00;35.6;2;NUAGEUX;3.9;11.5;0
METZ;49.11;6.17;15/08/2026;14:00;35.4;2;NUAGEUX;3.5;11.5;0
METZ;49.11;6.17;15/08/2026;15:00;35.6;2;NUAGEUX;1.8;8.3;0
METZ;49.11;6.17;15/08/2026;16:00;35.1;5;SOLEIL VOILÉ;3.7;11.2;0
METZ;49.11;6.17;15/08/2026;17:00;34.2;5;SOLEIL VOILÉ;2.6;14.4;0
METZ;49.11;6.17;15/08/2026;18:00;33.1;5;SOLEIL VOILÉ;4.8;12.6;0
METZ;49.11;6.17;15/08/2026;19:00;30.5;5;SOLEIL VOILÉ;8.0;18.0;0
METZ;49.11;6.17;15/08/2026;20:00;27.4;5;SOLEIL VOILÉ;10.5;23.0;0
METZ;49.11;6.17;15/08/2026;21:00;25.9;5;SOLEIL VOILÉ;6.4;22.7;0
METZ;49.11;6.17;15/08/2026;22:00;26.1;2;NUAGEUX;4.7;12.2;0
METZ;49.11;6.17;15/08/2026;23:00;26.1;5;SOLEIL VOILÉ;6.8;16.9;0
METZ;49.11;6.17;16/08/2026;00:00;25;5;SOLEIL VOILÉ;6.5;13.3;0
METZ;49.11;6.17;16/08/2026;01:00;25;5;SOLEIL VOILÉ;1.3;13.3;0
METZ;49.11;6.17;16/08/2026;02:00;22.7;5;SOLEIL VOILÉ;6.8;13.0;0
METZ;49.11;6.17;16/08/2026;03:00;22.7;5;SOLEIL VOILÉ;4.7;15.1;0
METZ;49.11;6.17;16/08/2026;04:00;22.7;5;SOLEIL VOILÉ;3.4;9.7;0
METZ;49.11;6.17;16/08/2026;05:00;23.6;0;SOLEIL;3.7;8.3;0
METZ;49.11;6.17;16/08/2026;06:00;23.6;0;SOLEIL;1.5;7.2;0
METZ;49.11;6.17;16/08/2026;07:00;23.6;0;SOLEIL;4.3;9.0;0
METZ;49.11;6.17;16/08/2026;08:00;27.5;0;SOLEIL;3.6;8.6;0
METZ;49.11;6.17;16/08/2026;09:00;27.5;0;SOLEIL;2.0;7.2;0
METZ;49.11;6.17;16/08/2026;10:00;27.5;0;SOLEIL;2.8;8.3;0
METZ;49.11;6.17;16/08/2026;11:00;31.1;10;ORAGEUX;2.9;9.7;0
METZ;49.11;6.17;16/08/2026;12:00;31.1;10;ORAGEUX;3.2;10.4;0
METZ;49.11;6.17;16/08/2026;13:00;31.1;10;ORAGEUX;3.4;10.8;0
METZ;49.11;6.17;16/08/2026;14:00;31.1;10;ORAGEUX;4.0;12.2;0
METZ;49.11;6.17;16/08/2026;15:00;31.1;10;ORAGEUX;2.1;9.4;0
METZ;49.11;6.17;16/08/2026;16:00;31.1;10;ORAGEUX;8.0;19.4;0
METZ;49.11;6.17;16/08/2026;17:00;26.6;10;ORAGEUX;1.9;20.5;0
METZ;49.11;6.17;16/08/2026;18:00;26.6;10;ORAGEUX;12.2;26.3;0
METZ;49.11;6.17;16/08/2026;19:00;26.6;10;ORAGEUX;11.5;30.2;0
METZ;49.11;6.17;16/08/2026;20:00;22.1;10;ORAGEUX;5.4;23.4;0
METZ;49.11;6.17;16/08/2026;21:00;22.1;10;ORAGEUX;1.3;11.2;0
METZ;49.11;6.17;16/08/2026;22:00;22.1;10;ORAGEUX;2.1;9.7;0
METZ;49.11;6.17;16/08/2026;23:00;20.1;5;SOLEIL VOILÉ;4.3;8.6;0
NANTES;47.21;-1.55;15/08/2026;00:00;23;5;SOLEIL VOILÉ;7.9;25.9;0
NANTES;47.21;-1.55;15/08/2026;01:00;22.7;5;SOLEIL VOILÉ;9.7;25.6;0
NANTES;47.21;-1.55;15/08/2026;02:00;21.7;5;SOLEIL VOILÉ;12.3;25.6;0
NANTES;47.21;-1.55;15/08/2026;03:00;21.1;5;SOLEIL VOILÉ;10.6;22.3;0
NANTES;47.21;-1.55;15/08/2026;04:00;21.4;5;SOLEIL VOILÉ;10.9;24.8;0
NANTES;47.21;-1.55;15/08/2026;05:00;20.7;5;SOLEIL VOILÉ;8.7;22.0;0
NANTES;47.21;-1.55;15/08/2026;06:00;21.6;5;SOLEIL VOILÉ;8.9;20.5;0
NANTES;47.21;-1.55;15/08/2026;07:00;23.1;5;SOLEIL VOILÉ;6.2;18.7;0
NANTES;47.21;-1.55;15/08/2026;08:00;24.4;5;SOLEIL VOILÉ;8.6;22.7;0
NANTES;47.21;-1.55;15/08/2026;09:00;25.1;5;SOLEIL VOILÉ;9.5;23.4;0
NANTES;47.21;-1.55;15/08/2026;10:00;27;5;SOLEIL VOILÉ;8.0;21.2;0
NANTES;47.21;-1.55;15/08/2026;11:00;28.6;5;SOLEIL VOILÉ;8.2;21.6;0
NANTES;47.21;-1.55;15/08/2026;12:00;30.7;5;SOLEIL VOILÉ;7.9;20.2;0
NANTES;47.21;-1.55;15/08/2026;13:00;31.7;5;SOLEIL VOILÉ;10.1;24.5;0
NANTES;47.21;-1.55;15/08/2026;14:00;33.5;5;SOLEIL VOILÉ;10.2;24.5;0
NANTES;47.21;-1.55;15/08/2026;15:00;32.6;5;SOLEIL VOILÉ;8.9;23.4;0
NANTES;47.21;-1.55;15/08/2026;16:00;32.4;5;SOLEIL VOILÉ;8.0;23.0;0
NANTES;47.21;-1.55;15/08/2026;17:00;32.4;5;SOLEIL VOILÉ;9.5;22.3;0
NANTES;47.21;-1.55;15/08/2026;18:00;31.4;0;SOLEIL;11.0;25.9;0
NANTES;47.21;-1.55;15/08/2026;19:00;29.7;0;SOLEIL;11.9;27.0;0
NANTES;47.21;-1.55;15/08/2026;20:00;27.6;0;SOLEIL;18.4;35.3;0
NANTES;47.21;-1.55;15/08/2026;21:00;25.2;0;SOLEIL;19.1;36.7;0
NANTES;47.21;-1.55;15/08/2026;22:00;24.1;0;SOLEIL;18.7;36.0;0
NANTES;47.21;-1.55;15/08/2026;23:00;23;0;SOLEIL;18.1;37.1;0
NANTES;47.21;-1.55;16/08/2026;00:00;22.7;0;SOLEIL;16.9;36.7;0
NANTES;47.21;-1.55;16/08/2026;01:00;22.7;0;SOLEIL;16.3;32.7;0
NANTES;47.21;-1.55;16/08/2026;02:00;22.4;0;SOLEIL;14.4;33.1;0
NANTES;47.21;-1.55;16/08/2026;03:00;22.4;0;SOLEIL;13.1;29.5;0
NANTES;47.21;-1.55;16/08/2026;04:00;22.4;0;SOLEIL;11.2;25.9;0
NANTES;47.21;-1.55;16/08/2026;05:00;21.4;0;SOLEIL;11.9;25.2;0
NANTES;47.21;-1.55;16/08/2026;06:00;21.4;0;SOLEIL;9.9;23.8;0
NANTES;47.21;-1.55;16/08/2026;07:00;21.4;0;SOLEIL;9.7;20.2;0
NANTES;47.21;-1.55;16/08/2026;08:00;24.6;0;SOLEIL;5.8;19.4;0
NANTES;47.21;-1.55;16/08/2026;09:00;24.6;0;SOLEIL;12.2;24.1;0
NANTES;47.21;-1.55;16/08/2026;10:00;24.6;0;SOLEIL;14.1;31.0;0
NANTES;47.21;-1.55;16/08/2026;11:00;28;0;SOLEIL;9.2;31.7;0
NANTES;47.21;-1.55;16/08/2026;12:00;28;0;SOLEIL;8.1;24.8;0
NANTES;47.21;-1.55;16/08/2026;13:00;28;0;SOLEIL;6.6;27.0;0
NANTES;47.21;-1.55;16/08/2026;14:00;29;6;AVERSES;4.3;19.4;0
NANTES;47.21;-1.55;16/08/2026;15:00;29;6;AVERSES;4.5;15.8;0
NANTES;47.21;-1.55;16/08/2026;16:00;29;6;AVERSES;7.3;21.2;0
NANTES;47.21;-1.55;16/08/2026;17:00;28.5;0;SOLEIL;8.3;22.7;0
NANTES;47.21;-1.55;16/08/2026;18:00;28.5;0;SOLEIL;11.7;27.0;0
NANTES;47.21;-1.55;16/08/2026;19:00;28.5;0;SOLEIL;15.3;31.3;0
NANTES;47.21;-1.55;16/08/2026;20:00;24.9;0;SOLEIL;15.8;37.1;0
NANTES;47.21;-1.55;16/08/2026;21:00;24.9;0;SOLEIL;14.5;31.3;0
NANTES;47.21;-1.55;16/08/2026;22:00;24.9;0;SOLEIL;11.0;28.8;0
NANTES;47.21;-1.55;16/08/2026;23:00;21.7;0;SOLEIL;16.5;35.6;0
TOURS;47.39;0.68;15/08/2026;00:00;27.2;0;SOLEIL;6.9;14.0;0
TOURS;47.39;0.68;15/08/2026;01:00;25.6;0;SOLEIL;6.5;13.3;0
TOURS;47.39;0.68;15/08/2026;02:00;25.1;0;SOLEIL;5.1;13.0;0
TOURS;47.39;0.68;15/08/2026;03:00;23.6;5;SOLEIL VOILÉ;3.6;9.0;0
TOURS;47.39;0.68;15/08/2026;04:00;23.6;5;SOLEIL VOILÉ;3.2;6.8;0
TOURS;47.39;0.68;15/08/2026;05:00;23.7;5;SOLEIL VOILÉ;0.8;5.8;0
TOURS;47.39;0.68;15/08/2026;06:00;23.6;6;AVERSES;3.0;6.1;0.1
TOURS;47.39;0.68;15/08/2026;07:00;26.7;5;SOLEIL VOILÉ;1.1;4.3;0
TOURS;47.39;0.68;15/08/2026;08:00;27.9;5;SOLEIL VOILÉ;3.9;7.9;0
TOURS;47.39;0.68;15/08/2026;09:00;28.7;5;SOLEIL VOILÉ;5.1;11.5;0
TOURS;47.39;0.68;15/08/2026;10:00;29.1;5;SOLEIL VOILÉ;3.6;16.2;0
TOURS;47.39;0.68;15/08/2026;11:00;30.4;2;NUAGEUX;10.5;19.4;0
TOURS;47.39;0.68;15/08/2026;12:00;32.4;2;NUAGEUX;8.3;23.0;0
TOURS;47.39;0.68;15/08/2026;13:00;32.7;2;NUAGEUX;11.2;26.3;0
TOURS;47.39;0.68;15/08/2026;14:00;32.6;5;SOLEIL VOILÉ;5.2;22.3;0
TOURS;47.39;0.68;15/08/2026;15:00;33.1;5;SOLEIL VOILÉ;4.3;11.9;0
TOURS;47.39;0.68;15/08/2026;16:00;33.2;5;SOLEIL VOILÉ;6.4;15.1;0
TOURS;47.39;0.68;15/08/2026;17:00;33.9;5;SOLEIL VOILÉ;5.7;15.5;0
TOURS;47.39;0.68;15/08/2026;18:00;32.1;5;SOLEIL VOILÉ;11.2;22.7;0
TOURS;47.39;0.68;15/08/2026;19:00;29.9;2;NUAGEUX;15.3;32.8;0
TOURS;47.39;0.68;15/08/2026;20:00;27.6;5;SOLEIL VOILÉ;13.4;47.2;0
TOURS;47.39;0.68;15/08/2026;21:00;27.2;5;SOLEIL VOILÉ;6.6;25.9;0
TOURS;47.39;0.68;15/08/2026;22:00;25.5;5;SOLEIL VOILÉ;7.3;15.5;0
TOURS;47.39;0.68;15/08/2026;23:00;25.4;5;SOLEIL VOILÉ;9.4;22.0;0
TOURS;47.39;0.68;16/08/2026;00:00;24.7;5;SOLEIL VOILÉ;7.5;19.8;0
TOURS;47.39;0.68;16/08/2026;01:00;24.7;5;SOLEIL VOILÉ;6.0;15.5;0
TOURS;47.39;0.68;16/08/2026;02:00;21.9;10;ORAGEUX;6.1;13.7;0
TOURS;47.39;0.68;16/08/2026;03:00;21.9;10;ORAGEUX;4.2;11.2;0
TOURS;47.39;0.68;16/08/2026;04:00;21.9;10;ORAGEUX;4.2;10.1;0
TOURS;47.39;0.68;16/08/2026;05:00;21.6;10;ORAGEUX;3.9;7.9;0
TOURS;47.39;0.68;16/08/2026;06:00;21.6;10;ORAGEUX;3.2;8.6;0
TOURS;47.39;0.68;16/08/2026;07:00;21.6;10;ORAGEUX;4.6;9.4;0
TOURS;47.39;0.68;16/08/2026;08:00;26.4;7;PLUIE FAIBLE;4.8;10.4;0
TOURS;47.39;0.68;16/08/2026;09:00;26.4;7;PLUIE FAIBLE;3.6;9.7;0
TOURS;47.39;0.68;16/08/2026;10:00;26.4;7;PLUIE FAIBLE;3.4;11.2;0
TOURS;47.39;0.68;16/08/2026;11:00;28.7;10;ORAGEUX;5.0;15.5;0
TOURS;47.39;0.68;16/08/2026;12:00;28.7;10;ORAGEUX;2.7;10.8;0
TOURS;47.39;0.68;16/08/2026;13:00;28.7;10;ORAGEUX;8.4;20.2;0
TOURS;47.39;0.68;16/08/2026;14:00;31.2;10;ORAGEUX;7.3;22.3;0
TOURS;47.39;0.68;16/08/2026;15:00;31.2;10;ORAGEUX;4.8;16.9;0
TOURS;47.39;0.68;16/08/2026;16:00;31.2;10;ORAGEUX;4.9;14.4;0
TOURS;47.39;0.68;16/08/2026;17:00;29.1;10;ORAGEUX;7.2;18.0;0
TOURS;47.39;0.68;16/08/2026;18:00;29.1;10;ORAGEUX;10.5;23.0;0
TOURS;47.39;0.68;16/08/2026;19:00;29.1;10;ORAGEUX;8.0;22.3;0
TOURS;47.39;0.68;16/08/2026;20:00;24;0;SOLEIL;11.0;22.7;0
TOURS;47.39;0.68;16/08/2026;21:00;24;0;SOLEIL;7.9;23.4;0
TOURS;47.39;0.68;16/08/2026;22:00;24;0;SOLEIL;4.3;15.1;0
TOURS;47.39;0.68;16/08/2026;23:00;23;0;SOLEIL;9.5;20.2;0
AUXERRE;47.79;3.57;15/08/2026;00:00;23.6;0;SOLEIL;2.9;5.8;0
AUXERRE;47.79;3.57;15/08/2026;01:00;23.5;5;SOLEIL VOILÉ;2.6;6.8;0
AUXERRE;47.79;3.57;15/08/2026;02:00;22.2;5;SOLEIL VOILÉ;2.5;6.5;0
AUXERRE;47.79;3.57;15/08/2026;03:00;21;5;SOLEIL VOILÉ;1.5;7.2;0
AUXERRE;47.79;3.57;15/08/2026;04:00;21.4;5;SOLEIL VOILÉ;3.4;6.8;0
AUXERRE;47.79;3.57;15/08/2026;05:00;22.5;2;NUAGEUX;2.3;6.8;0
AUXERRE;47.79;3.57;15/08/2026;06:00;24.2;2;NUAGEUX;5.0;9.4;0
AUXERRE;47.79;3.57;15/08/2026;07:00;28.4;0;SOLEIL;2.8;13.0;0
AUXERRE;47.79;3.57;15/08/2026;08:00;30.5;5;SOLEIL VOILÉ;2.3;9.4;0
AUXERRE;47.79;3.57;15/08/2026;09:00;32;5;SOLEIL VOILÉ;1.3;4.7;0
AUXERRE;47.79;3.57;15/08/2026;10:00;35;5;SOLEIL VOILÉ;3.4;11.2;0
AUXERRE;47.79;3.57;15/08/2026;11:00;36.5;5;SOLEIL VOILÉ;1.5;7.6;0
AUXERRE;47.79;3.57;15/08/2026;12:00;36.4;5;SOLEIL VOILÉ;1.5;10.4;0
AUXERRE;47.79;3.57;15/08/2026;13:00;37.6;5;SOLEIL VOILÉ;2.2;8.6;0
AUXERRE;47.79;3.57;15/08/2026;14:00;36.9;5;SOLEIL VOILÉ;8.6;13.7;0
AUXERRE;47.79;3.57;15/08/2026;15:00;37.5;5;SOLEIL VOILÉ;8.2;22.0;0
AUXERRE;47.79;3.57;15/08/2026;16:00;36.6;6;AVERSES;15.8;27.4;0.1
AUXERRE;47.79;3.57;15/08/2026;17:00;36.2;6;AVERSES;6.9;26.6;0.1
AUXERRE;47.79;3.57;15/08/2026;18:00;33.6;6;AVERSES;9.0;23.0;0.1
AUXERRE;47.79;3.57;15/08/2026;19:00;32.1;5;SOLEIL VOILÉ;10.5;23.4;0
AUXERRE;47.79;3.57;15/08/2026;20:00;30.1;5;SOLEIL VOILÉ;7.9;26.3;0
AUXERRE;47.79;3.57;15/08/2026;21:00;26.9;2;NUAGEUX;3.4;15.1;0
AUXERRE;47.79;3.57;15/08/2026;22:00;26;2;NUAGEUX;4.9;11.5;0
AUXERRE;47.79;3.57;15/08/2026;23:00;25.1;2;NUAGEUX;3.0;9.4;0
AUXERRE;47.79;3.57;16/08/2026;00:00;23.6;2;NUAGEUX;2.7;7.2;0
AUXERRE;47.79;3.57;16/08/2026;01:00;23.6;2;NUAGEUX;2.5;5.4;0
AUXERRE;47.79;3.57;16/08/2026;02:00;23.1;5;SOLEIL VOILÉ;1.9;6.5;0
AUXERRE;47.79;3.57;16/08/2026;03:00;23.1;5;SOLEIL VOILÉ;3.1;6.8;0
AUXERRE;47.79;3.57;16/08/2026;04:00;23.1;5;SOLEIL VOILÉ;1.5;6.8;0
AUXERRE;47.79;3.57;16/08/2026;05:00;22.7;10;ORAGEUX;1.8;5.0;0
AUXERRE;47.79;3.57;16/08/2026;06:00;22.7;10;ORAGEUX;2.6;6.5;0
AUXERRE;47.79;3.57;16/08/2026;07:00;22.7;10;ORAGEUX;2.4;5.8;0
AUXERRE;47.79;3.57;16/08/2026;08:00;28;10;ORAGEUX;2.3;6.5;0
AUXERRE;47.79;3.57;16/08/2026;09:00;28;10;ORAGEUX;2.7;8.3;0
AUXERRE;47.79;3.57;16/08/2026;10:00;28;10;ORAGEUX;4.1;10.4;0
AUXERRE;47.79;3.57;16/08/2026;11:00;32.2;10;ORAGEUX;4.2;11.2;0
AUXERRE;47.79;3.57;16/08/2026;12:00;32.2;10;ORAGEUX;3.7;11.9;0
AUXERRE;47.79;3.57;16/08/2026;13:00;32.2;10;ORAGEUX;3.7;11.2;0
AUXERRE;47.79;3.57;16/08/2026;14:00;31.2;10;ORAGEUX;0.7;9.7;0
AUXERRE;47.79;3.57;16/08/2026;15:00;31.2;10;ORAGEUX;7.9;12.6;0
AUXERRE;47.79;3.57;16/08/2026;16:00;31.2;10;ORAGEUX;13.6;38.2;0
AUXERRE;47.79;3.57;16/08/2026;17:00;28.4;10;ORAGEUX;17.7;37.1;0
AUXERRE;47.79;3.57;16/08/2026;18:00;28.4;10;ORAGEUX;15.3;37.1;0
AUXERRE;47.79;3.57;16/08/2026;19:00;28.4;10;ORAGEUX;14.3;34.9;0
AUXERRE;47.79;3.57;16/08/2026;20:00;25.2;10;ORAGEUX;11.9;31.7;0
AUXERRE;47.79;3.57;16/08/2026;21:00;25.2;10;ORAGEUX;8.1;25.9;0
AUXERRE;47.79;3.57;16/08/2026;22:00;25.2;10;ORAGEUX;8.2;16.6;0
AUXERRE;47.79;3.57;16/08/2026;23:00;21.2;0;SOLEIL;6.2;18.7;0
CHAUMONT;48.11;5.14;15/08/2026;00:00;21.1;0;SOLEIL;2.7;7.2;0
CHAUMONT;48.11;5.14;15/08/2026;01:00;20.9;0;SOLEIL;3.5;7.2;0
CHAUMONT;48.11;5.14;15/08/2026;02:00;20.1;0;SOLEIL;4.2;7.2;0
CHAUMONT;48.11;5.14;15/08/2026;03:00;18.4;5;SOLEIL VOILÉ;2.4;8.6;0
CHAUMONT;48.11;5.14;15/08/2026;04:00;18.1;5;SOLEIL VOILÉ;3.1;6.8;0
CHAUMONT;48.11;5.14;15/08/2026;05:00;18.9;5;SOLEIL VOILÉ;2.6;4.3;0
CHAUMONT;48.11;5.14;15/08/2026;06:00;21.1;5;SOLEIL VOILÉ;3.1;5.4;0
CHAUMONT;48.11;5.14;15/08/2026;07:00;26.5;0;SOLEIL;2.9;6.1;0
CHAUMONT;48.11;5.14;15/08/2026;08:00;31.1;0;SOLEIL;2.6;6.8;0
CHAUMONT;48.11;5.14;15/08/2026;09:00;31.2;0;SOLEIL;2.9;6.8;0
CHAUMONT;48.11;5.14;15/08/2026;10:00;35.5;7;PLUIE FAIBLE;5.9;13.0;0.2
CHAUMONT;48.11;5.14;15/08/2026;11:00;35.1;7;PLUIE FAIBLE;3.6;12.6;0.2
CHAUMONT;48.11;5.14;15/08/2026;12:00;35.1;7;PLUIE FAIBLE;0.0;9.4;0.2
CHAUMONT;48.11;5.14;15/08/2026;13:00;34.9;5;SOLEIL VOILÉ;4.0;11.2;0
CHAUMONT;48.11;5.14;15/08/2026;14:00;35.4;5;SOLEIL VOILÉ;7.3;17.6;0
CHAUMONT;48.11;5.14;15/08/2026;15:00;35.4;5;SOLEIL VOILÉ;11.7;18.4;0
CHAUMONT;48.11;5.14;15/08/2026;16:00;35.5;5;SOLEIL VOILÉ;13.1;22.3;0
CHAUMONT;48.11;5.14;15/08/2026;17:00;35.2;5;SOLEIL VOILÉ;12.6;31.0;0
CHAUMONT;48.11;5.14;15/08/2026;18:00;33.1;2;NUAGEUX;9.4;25.2;0
CHAUMONT;48.11;5.14;15/08/2026;19:00;30.6;2;NUAGEUX;8.7;16.9;0
CHAUMONT;48.11;5.14;15/08/2026;20:00;28;2;NUAGEUX;7.9;19.1;0
CHAUMONT;48.11;5.14;15/08/2026;21:00;26.2;2;NUAGEUX;6.6;14.0;0
CHAUMONT;48.11;5.14;15/08/2026;22:00;24.6;2;NUAGEUX;4.7;11.2;0
CHAUMONT;48.11;5.14;15/08/2026;23:00;24.7;2;NUAGEUX;6.9;16.9;0
CHAUMONT;48.11;5.14;16/08/2026;00:00;22.9;2;NUAGEUX;2.5;9.0;0
CHAUMONT;48.11;5.14;16/08/2026;01:00;22.9;2;NUAGEUX;5.1;9.4;0
CHAUMONT;48.11;5.14;16/08/2026;02:00;21;5;SOLEIL VOILÉ;4.3;10.4;0
CHAUMONT;48.11;5.14;16/08/2026;03:00;21;5;SOLEIL VOILÉ;5.9;11.9;0
CHAUMONT;48.11;5.14;16/08/2026;04:00;21;5;SOLEIL VOILÉ;4.1;10.8;0
CHAUMONT;48.11;5.14;16/08/2026;05:00;21.7;10;ORAGEUX;3.3;10.8;0
CHAUMONT;48.11;5.14;16/08/2026;06:00;21.7;10;ORAGEUX;3.8;6.5;0
CHAUMONT;48.11;5.14;16/08/2026;07:00;21.7;10;ORAGEUX;3.3;7.2;0
CHAUMONT;48.11;5.14;16/08/2026;08:00;27.6;0;SOLEIL;3.9;7.6;0
CHAUMONT;48.11;5.14;16/08/2026;09:00;27.6;0;SOLEIL;3.0;7.9;0
CHAUMONT;48.11;5.14;16/08/2026;10:00;27.6;0;SOLEIL;3.6;10.8;0
CHAUMONT;48.11;5.14;16/08/2026;11:00;31.7;10;ORAGEUX;0.4;6.5;0
CHAUMONT;48.11;5.14;16/08/2026;12:00;31.7;10;ORAGEUX;2.7;9.0;0
CHAUMONT;48.11;5.14;16/08/2026;13:00;31.7;10;ORAGEUX;2.9;10.4;0
CHAUMONT;48.11;5.14;16/08/2026;14:00;28.7;10;ORAGEUX;2.9;9.4;0
CHAUMONT;48.11;5.14;16/08/2026;15:00;28.7;10;ORAGEUX;2.6;5.4;0
CHAUMONT;48.11;5.14;16/08/2026;16:00;28.7;10;ORAGEUX;5.6;14.0;0
CHAUMONT;48.11;5.14;16/08/2026;17:00;28.9;10;ORAGEUX;9.0;16.2;0
CHAUMONT;48.11;5.14;16/08/2026;18:00;28.9;10;ORAGEUX;12.8;23.8;0
CHAUMONT;48.11;5.14;16/08/2026;19:00;28.9;10;ORAGEUX;12.2;28.8;0
CHAUMONT;48.11;5.14;16/08/2026;20:00;22.7;10;ORAGEUX;6.9;36.4;0
CHAUMONT;48.11;5.14;16/08/2026;21:00;22.7;10;ORAGEUX;9.7;19.4;0
CHAUMONT;48.11;5.14;16/08/2026;22:00;22.7;10;ORAGEUX;6.6;18.7;0
CHAUMONT;48.11;5.14;16/08/2026;23:00;17.2;0;SOLEIL;5.4;11.9;0
STRASBOURG;48.57;7.75;15/08/2026;00:00;24;0;SOLEIL;4.6;8.6;0
STRASBOURG;48.57;7.75;15/08/2026;01:00;24.1;0;SOLEIL;4.4;10.1;0
STRASBOURG;48.57;7.75;15/08/2026;02:00;23.6;0;SOLEIL;3.6;8.3;0
STRASBOURG;48.57;7.75;15/08/2026;03:00;22.2;0;SOLEIL;4.3;8.6;0
STRASBOURG;48.57;7.75;15/08/2026;04:00;22.6;0;SOLEIL;3.8;9.0;0
STRASBOURG;48.57;7.75;15/08/2026;05:00;22.6;0;SOLEIL;1.5;7.6;0
STRASBOURG;48.57;7.75;15/08/2026;06:00;22.7;5;SOLEIL VOILÉ;1.5;3.6;0
STRASBOURG;48.57;7.75;15/08/2026;07:00;24.2;5;SOLEIL VOILÉ;2.3;4.7;0
STRASBOURG;48.57;7.75;15/08/2026;08:00;26.6;2;NUAGEUX;0.7;4.7;0
STRASBOURG;48.57;7.75;15/08/2026;09:00;29.7;0;SOLEIL;0.5;4.0;0
STRASBOURG;48.57;7.75;15/08/2026;10:00;32.5;0;SOLEIL;1.8;6.5;0
STRASBOURG;48.57;7.75;15/08/2026;11:00;34.2;0;SOLEIL;1.3;6.8;0
STRASBOURG;48.57;7.75;15/08/2026;12:00;35;0;SOLEIL;2.1;8.3;0
STRASBOURG;48.57;7.75;15/08/2026;13:00;36;0;SOLEIL;2.6;9.7;0
STRASBOURG;48.57;7.75;15/08/2026;14:00;35.6;0;SOLEIL;4.7;11.9;0
STRASBOURG;48.57;7.75;15/08/2026;15:00;35.2;0;SOLEIL;5.4;13.7;0
STRASBOURG;48.57;7.75;15/08/2026;16:00;33.9;5;SOLEIL VOILÉ;8.3;19.4;0
STRASBOURG;48.57;7.75;15/08/2026;17:00;33.4;5;SOLEIL VOILÉ;9.0;21.2;0
STRASBOURG;48.57;7.75;15/08/2026;18:00;31.6;5;SOLEIL VOILÉ;8.3;20.9;0
STRASBOURG;48.57;7.75;15/08/2026;19:00;29.2;5;SOLEIL VOILÉ;7.7;19.1;0
STRASBOURG;48.57;7.75;15/08/2026;20:00;27.5;5;SOLEIL VOILÉ;7.1;17.6;0
STRASBOURG;48.57;7.75;15/08/2026;21:00;26.4;5;SOLEIL VOILÉ;3.6;14.0;0
STRASBOURG;48.57;7.75;15/08/2026;22:00;27.1;5;SOLEIL VOILÉ;3.2;6.5;0
STRASBOURG;48.57;7.75;15/08/2026;23:00;26.6;5;SOLEIL VOILÉ;3.0;6.1;0
STRASBOURG;48.57;7.75;16/08/2026;00:00;26.2;5;SOLEIL VOILÉ;2.1;4.7;0
STRASBOURG;48.57;7.75;16/08/2026;01:00;26.2;5;SOLEIL VOILÉ;0.5;4.3;0
STRASBOURG;48.57;7.75;16/08/2026;02:00;23.1;5;SOLEIL VOILÉ;1.5;4.7;0
STRASBOURG;48.57;7.75;16/08/2026;03:00;23.1;5;SOLEIL VOILÉ;2.5;5.0;0
STRASBOURG;48.57;7.75;16/08/2026;04:00;23.1;5;SOLEIL VOILÉ;1.8;10.4;0
STRASBOURG;48.57;7.75;16/08/2026;05:00;23.6;5;SOLEIL VOILÉ;4.4;9.4;0
STRASBOURG;48.57;7.75;16/08/2026;06:00;23.6;5;SOLEIL VOILÉ;4.7;9.7;0
STRASBOURG;48.57;7.75;16/08/2026;07:00;23.6;5;SOLEIL VOILÉ;5.9;11.9;0
STRASBOURG;48.57;7.75;16/08/2026;08:00;26.9;5;SOLEIL VOILÉ;4.3;11.9;0
STRASBOURG;48.57;7.75;16/08/2026;09:00;26.9;5;SOLEIL VOILÉ;6.1;12.6;0
STRASBOURG;48.57;7.75;16/08/2026;10:00;26.9;5;SOLEIL VOILÉ;4.4;16.9;0
STRASBOURG;48.57;7.75;16/08/2026;11:00;31.6;5;SOLEIL VOILÉ;8.3;19.1;0
STRASBOURG;48.57;7.75;16/08/2026;12:00;31.6;5;SOLEIL VOILÉ;7.4;19.8;0
STRASBOURG;48.57;7.75;16/08/2026;13:00;31.6;5;SOLEIL VOILÉ;11.1;22.0;0
STRASBOURG;48.57;7.75;16/08/2026;14:00;31.1;10;ORAGEUX;4.8;22.3;0
STRASBOURG;48.57;7.75;16/08/2026;15:00;31.1;10;ORAGEUX;3.5;10.4;0
STRASBOURG;48.57;7.75;16/08/2026;16:00;31.1;10;ORAGEUX;9.2;19.4;0
STRASBOURG;48.57;7.75;16/08/2026;17:00;25.7;10;ORAGEUX;8.0;18.7;0
STRASBOURG;48.57;7.75;16/08/2026;18:00;25.7;10;ORAGEUX;7.9;15.8;0
STRASBOURG;48.57;7.75;16/08/2026;19:00;25.7;10;ORAGEUX;7.0;15.1;0
STRASBOURG;48.57;7.75;16/08/2026;20:00;22.1;10;ORAGEUX;8.6;19.8;0
STRASBOURG;48.57;7.75;16/08/2026;21:00;22.1;10;ORAGEUX;6.5;17.3;0
STRASBOURG;48.57;7.75;16/08/2026;22:00;22.1;10;ORAGEUX;5.5;12.2;0
STRASBOURG;48.57;7.75;16/08/2026;23:00;21.1;10;ORAGEUX;4.7;10.8;0
BOURGES;47.08;2.39;15/08/2026;00:00;28.6;0;SOLEIL;4.2;10.4;0
BOURGES;47.08;2.39;15/08/2026;01:00;29.7;0;SOLEIL;7.1;15.8;0
BOURGES;47.08;2.39;15/08/2026;02:00;28.4;0;SOLEIL;5.2;14.4;0
BOURGES;47.08;2.39;15/08/2026;03:00;25.6;0;SOLEIL;3.9;10.8;0
BOURGES;47.08;2.39;15/08/2026;04:00;26.1;5;SOLEIL VOILÉ;5.9;19.4;0
BOURGES;47.08;2.39;15/08/2026;05:00;25.1;5;SOLEIL VOILÉ;5.7;12.6;0
BOURGES;47.08;2.39;15/08/2026;06:00;26.5;5;SOLEIL VOILÉ;4.2;10.8;0
BOURGES;47.08;2.39;15/08/2026;07:00;28.9;5;SOLEIL VOILÉ;2.3;9.0;0
BOURGES;47.08;2.39;15/08/2026;08:00;31.6;5;SOLEIL VOILÉ;2.7;5.4;0
BOURGES;47.08;2.39;15/08/2026;09:00;30.6;5;SOLEIL VOILÉ;6.4;14.4;0
BOURGES;47.08;2.39;15/08/2026;10:00;34.7;5;SOLEIL VOILÉ;5.9;17.3;0
BOURGES;47.08;2.39;15/08/2026;11:00;35.6;5;SOLEIL VOILÉ;3.3;13.7;0
BOURGES;47.08;2.39;15/08/2026;12:00;35.2;5;SOLEIL VOILÉ;1.8;8.3;0
BOURGES;47.08;2.39;15/08/2026;13:00;36.1;5;SOLEIL VOILÉ;6.9;16.9;0
BOURGES;47.08;2.39;15/08/2026;14:00;36.1;2;NUAGEUX;7.5;19.1;0
BOURGES;47.08;2.39;15/08/2026;15:00;36.4;5;SOLEIL VOILÉ;17.2;26.3;0
BOURGES;47.08;2.39;15/08/2026;16:00;35.2;2;NUAGEUX;11.7;27.0;0
BOURGES;47.08;2.39;15/08/2026;17:00;33.7;2;NUAGEUX;11.6;38.5;0
BOURGES;47.08;2.39;15/08/2026;18:00;32.6;2;NUAGEUX;12.2;19.8;0
BOURGES;47.08;2.39;15/08/2026;19:00;31.6;2;NUAGEUX;3.3;24.5;0
BOURGES;47.08;2.39;15/08/2026;20:00;30.1;2;NUAGEUX;13.7;31.3;0
BOURGES;47.08;2.39;15/08/2026;21:00;29.4;2;NUAGEUX;11.9;27.0;0
BOURGES;47.08;2.39;15/08/2026;22:00;28.6;2;NUAGEUX;8.0;22.0;0
BOURGES;47.08;2.39;15/08/2026;23:00;26.6;2;NUAGEUX;6.2;15.8;0
BOURGES;47.08;2.39;16/08/2026;00:00;25.5;2;NUAGEUX;3.1;11.5;0
BOURGES;47.08;2.39;16/08/2026;01:00;25.5;2;NUAGEUX;2.1;11.9;0
BOURGES;47.08;2.39;16/08/2026;02:00;23.9;10;ORAGEUX;1.9;6.1;0
BOURGES;47.08;2.39;16/08/2026;03:00;23.9;10;ORAGEUX;2.5;6.1;0
BOURGES;47.08;2.39;16/08/2026;04:00;23.9;10;ORAGEUX;5.8;11.9;0
BOURGES;47.08;2.39;16/08/2026;05:00;24.4;10;ORAGEUX;4.0;10.1;0
BOURGES;47.08;2.39;16/08/2026;06:00;24.4;10;ORAGEUX;5.1;12.2;0
BOURGES;47.08;2.39;16/08/2026;07:00;24.4;10;ORAGEUX;1.8;18.7;0
BOURGES;47.08;2.39;16/08/2026;08:00;28.1;10;ORAGEUX;4.3;8.3;0
BOURGES;47.08;2.39;16/08/2026;09:00;28.1;10;ORAGEUX;4.2;13.0;0
BOURGES;47.08;2.39;16/08/2026;10:00;28.1;10;ORAGEUX;2.3;9.7;0
BOURGES;47.08;2.39;16/08/2026;11:00;30;10;ORAGEUX;7.4;17.3;0
BOURGES;47.08;2.39;16/08/2026;12:00;30;10;ORAGEUX;9.8;20.2;0
BOURGES;47.08;2.39;16/08/2026;13:00;30;10;ORAGEUX;12.5;22.3;0
BOURGES;47.08;2.39;16/08/2026;14:00;32;10;ORAGEUX;17.8;29.5;0
BOURGES;47.08;2.39;16/08/2026;15:00;32;10;ORAGEUX;19.7;38.2;0
BOURGES;47.08;2.39;16/08/2026;16:00;32;10;ORAGEUX;22.3;45.7;0
BOURGES;47.08;2.39;16/08/2026;17:00;27.2;10;ORAGEUX;19.6;46.1;0
BOURGES;47.08;2.39;16/08/2026;18:00;27.2;10;ORAGEUX;17.9;40.7;0
BOURGES;47.08;2.39;16/08/2026;19:00;27.2;10;ORAGEUX;16.4;37.4;0
BOURGES;47.08;2.39;16/08/2026;20:00;24.2;10;ORAGEUX;12.0;34.2;0
BOURGES;47.08;2.39;16/08/2026;21:00;24.2;10;ORAGEUX;9.1;23.4;0
BOURGES;47.08;2.39;16/08/2026;22:00;24.2;10;ORAGEUX;6.9;19.1;0
BOURGES;47.08;2.39;16/08/2026;23:00;22.1;0;SOLEIL;5.8;15.1;0
BELFORT;47.63;6.86;15/08/2026;00:00;23.6;0;SOLEIL;4.3;9.0;0
BELFORT;47.63;6.86;15/08/2026;01:00;23.1;0;SOLEIL;2.5;8.6;0
BELFORT;47.63;6.86;15/08/2026;02:00;22.6;0;SOLEIL;2.7;6.8;0
BELFORT;47.63;6.86;15/08/2026;03:00;21.1;0;SOLEIL;4.6;9.0;0
BELFORT;47.63;6.86;15/08/2026;04:00;21.7;0;SOLEIL;4.6;10.1;0
BELFORT;47.63;6.86;15/08/2026;05:00;22.4;0;SOLEIL;4.2;9.4;0
BELFORT;47.63;6.86;15/08/2026;06:00;23.9;0;SOLEIL;4.2;8.6;0
BELFORT;47.63;6.86;15/08/2026;07:00;27.4;5;SOLEIL VOILÉ;4.2;8.6;0
BELFORT;47.63;6.86;15/08/2026;08:00;29.6;5;SOLEIL VOILÉ;4.7;8.3;0
BELFORT;47.63;6.86;15/08/2026;09:00;31;5;SOLEIL VOILÉ;7.2;15.1;0
BELFORT;47.63;6.86;15/08/2026;10:00;33.2;0;SOLEIL;10.3;22.7;0
BELFORT;47.63;6.86;15/08/2026;11:00;34.9;0;SOLEIL;10.2;22.7;0
BELFORT;47.63;6.86;15/08/2026;12:00;33.7;0;SOLEIL;8.4;18.0;0
BELFORT;47.63;6.86;15/08/2026;13:00;33.6;7;PLUIE FAIBLE;4.5;12.6;0.2
BELFORT;47.63;6.86;15/08/2026;14:00;32.6;7;PLUIE FAIBLE;3.1;6.5;0.2
BELFORT;47.63;6.86;15/08/2026;15:00;32;7;PLUIE FAIBLE;2.5;6.5;0.2
BELFORT;47.63;6.86;15/08/2026;16:00;33.1;5;SOLEIL VOILÉ;1.1;7.2;0
BELFORT;47.63;6.86;15/08/2026;17:00;33.5;5;SOLEIL VOILÉ;18.9;12.6;0
BELFORT;47.63;6.86;15/08/2026;18:00;30.1;5;SOLEIL VOILÉ;12.0;35.3;0
BELFORT;47.63;6.86;15/08/2026;19:00;30.6;5;SOLEIL VOILÉ;9.3;25.2;0
BELFORT;47.63;6.86;15/08/2026;20:00;28.6;5;SOLEIL VOILÉ;8.6;26.6;0
BELFORT;47.63;6.86;15/08/2026;21:00;24.7;5;SOLEIL VOILÉ;3.4;20.5;0
BELFORT;47.63;6.86;15/08/2026;22:00;25;5;SOLEIL VOILÉ;2.5;8.6;0
BELFORT;47.63;6.86;15/08/2026;23:00;24.5;5;SOLEIL VOILÉ;1.3;8.3;0
BELFORT;47.63;6.86;16/08/2026;00:00;22.7;5;SOLEIL VOILÉ;5.4;10.8;0
BELFORT;47.63;6.86;16/08/2026;01:00;22.7;5;SOLEIL VOILÉ;5.5;16.6;0
BELFORT;47.63;6.86;16/08/2026;02:00;19.4;5;SOLEIL VOILÉ;3.3;11.2;0
BELFORT;47.63;6.86;16/08/2026;03:00;19.4;5;SOLEIL VOILÉ;6.5;12.6;0
BELFORT;47.63;6.86;16/08/2026;04:00;19.4;5;SOLEIL VOILÉ;3.8;13.7;0
BELFORT;47.63;6.86;16/08/2026;05:00;22.7;5;SOLEIL VOILÉ;4.0;10.4;0
BELFORT;47.63;6.86;16/08/2026;06:00;22.7;5;SOLEIL VOILÉ;4.3;8.6;0
BELFORT;47.63;6.86;16/08/2026;07:00;22.7;5;SOLEIL VOILÉ;2.5;8.3;0
BELFORT;47.63;6.86;16/08/2026;08:00;28;5;SOLEIL VOILÉ;3.3;8.3;0
BELFORT;47.63;6.86;16/08/2026;09:00;28;5;SOLEIL VOILÉ;5.9;14.4;0
BELFORT;47.63;6.86;16/08/2026;10:00;28;5;SOLEIL VOILÉ;6.7;15.8;0
BELFORT;47.63;6.86;16/08/2026;11:00;30.2;10;ORAGEUX;9.1;17.3;0
BELFORT;47.63;6.86;16/08/2026;12:00;30.2;10;ORAGEUX;6.6;16.6;0
BELFORT;47.63;6.86;16/08/2026;13:00;30.2;10;ORAGEUX;4.2;12.2;0
BELFORT;47.63;6.86;16/08/2026;14:00;32.1;10;ORAGEUX;2.2;9.7;0
BELFORT;47.63;6.86;16/08/2026;15:00;32.1;10;ORAGEUX;3.7;9.7;0
BELFORT;47.63;6.86;16/08/2026;16:00;32.1;10;ORAGEUX;15.6;37.1;0
BELFORT;47.63;6.86;16/08/2026;17:00;26.4;10;ORAGEUX;16.2;32.4;0
BELFORT;47.63;6.86;16/08/2026;18:00;26.4;10;ORAGEUX;8.7;32.4;0
BELFORT;47.63;6.86;16/08/2026;19:00;26.4;10;ORAGEUX;9.2;21.2;0
BELFORT;47.63;6.86;16/08/2026;20:00;21.1;10;ORAGEUX;7.2;20.5;0
BELFORT;47.63;6.86;16/08/2026;21:00;21.1;10;ORAGEUX;2.5;14.4;0
BELFORT;47.63;6.86;16/08/2026;22:00;21.1;10;ORAGEUX;3.6;8.3;0
BELFORT;47.63;6.86;16/08/2026;23:00;20;10;ORAGEUX;3.7;8.6;0
LIMOGES;45.83;1.26;15/08/2026;00:00;26;0;SOLEIL;0.7;7.9;0
LIMOGES;45.83;1.26;15/08/2026;01:00;25;0;SOLEIL;0.8;4.7;0
LIMOGES;45.83;1.26;15/08/2026;02:00;25.6;5;SOLEIL VOILÉ;2.9;7.2;0
LIMOGES;45.83;1.26;15/08/2026;03:00;23.6;5;SOLEIL VOILÉ;4.0;9.4;0
LIMOGES;45.83;1.26;15/08/2026;04:00;22.9;5;SOLEIL VOILÉ;2.7;8.6;0
LIMOGES;45.83;1.26;15/08/2026;05:00;22.1;5;SOLEIL VOILÉ;3.7;8.3;0
LIMOGES;45.83;1.26;15/08/2026;06:00;22.6;5;SOLEIL VOILÉ;2.3;9.0;0
LIMOGES;45.83;1.26;15/08/2026;07:00;25.4;5;SOLEIL VOILÉ;3.9;9.4;0
LIMOGES;45.83;1.26;15/08/2026;08:00;26.9;5;SOLEIL VOILÉ;3.1;10.1;0
LIMOGES;45.83;1.26;15/08/2026;09:00;28;5;SOLEIL VOILÉ;2.6;8.3;0
LIMOGES;45.83;1.26;15/08/2026;10:00;29.6;5;SOLEIL VOILÉ;1.4;6.5;0
LIMOGES;45.83;1.26;15/08/2026;11:00;31;5;SOLEIL VOILÉ;3.4;6.8;0
LIMOGES;45.83;1.26;15/08/2026;12:00;32.2;5;SOLEIL VOILÉ;1.8;10.1;0
LIMOGES;45.83;1.26;15/08/2026;13:00;33.5;5;SOLEIL VOILÉ;2.2;9.4;0
LIMOGES;45.83;1.26;15/08/2026;14:00;33.5;5;SOLEIL VOILÉ;1.5;7.6;0
LIMOGES;45.83;1.26;15/08/2026;15:00;33.6;5;SOLEIL VOILÉ;3.2;11.9;0
LIMOGES;45.83;1.26;15/08/2026;16:00;33.2;10;ORAGEUX;6.2;28.4;0
LIMOGES;45.83;1.26;15/08/2026;17:00;32.2;5;SOLEIL VOILÉ;4.4;30.2;0
LIMOGES;45.83;1.26;15/08/2026;18:00;31.6;5;SOLEIL VOILÉ;11.0;23.0;0
LIMOGES;45.83;1.26;15/08/2026;19:00;29.4;2;NUAGEUX;15.7;34.9;0
LIMOGES;45.83;1.26;15/08/2026;20:00;27.5;10;ORAGEUX;9.0;32.0;1
LIMOGES;45.83;1.26;15/08/2026;21:00;25.1;10;ORAGEUX;9.4;25.9;0
LIMOGES;45.83;1.26;15/08/2026;22:00;25.1;2;NUAGEUX;6.7;21.6;0
LIMOGES;45.83;1.26;15/08/2026;23:00;23.6;2;NUAGEUX;4.0;13.3;0
LIMOGES;45.83;1.26;16/08/2026;00:00;22.4;2;NUAGEUX;1.8;9.7;0
LIMOGES;45.83;1.26;16/08/2026;01:00;22.4;2;NUAGEUX;0.8;6.8;0
LIMOGES;45.83;1.26;16/08/2026;02:00;20.9;5;SOLEIL VOILÉ;1.5;4.0;0
LIMOGES;45.83;1.26;16/08/2026;03:00;20.9;5;SOLEIL VOILÉ;3.4;7.6;0
LIMOGES;45.83;1.26;16/08/2026;04:00;20.9;5;SOLEIL VOILÉ;2.8;6.8;0
LIMOGES;45.83;1.26;16/08/2026;05:00;20.9;10;ORAGEUX;2.6;6.5;0
LIMOGES;45.83;1.26;16/08/2026;06:00;20.9;10;ORAGEUX;1.6;7.2;0
LIMOGES;45.83;1.26;16/08/2026;07:00;20.9;10;ORAGEUX;2.0;4.3;0
LIMOGES;45.83;1.26;16/08/2026;08:00;24.1;10;ORAGEUX;1.6;5.8;0
LIMOGES;45.83;1.26;16/08/2026;09:00;24.1;10;ORAGEUX;3.6;9.4;0
LIMOGES;45.83;1.26;16/08/2026;10:00;24.1;10;ORAGEUX;6.6;16.9;0
LIMOGES;45.83;1.26;16/08/2026;11:00;28.9;10;ORAGEUX;9.0;21.6;0
LIMOGES;45.83;1.26;16/08/2026;12:00;28.9;10;ORAGEUX;11.6;25.9;0
LIMOGES;45.83;1.26;16/08/2026;13:00;28.9;10;ORAGEUX;10.7;27.4;0
LIMOGES;45.83;1.26;16/08/2026;14:00;27.4;10;ORAGEUX;9.7;24.5;0
LIMOGES;45.83;1.26;16/08/2026;15:00;27.4;10;ORAGEUX;13.6;31.7;0
LIMOGES;45.83;1.26;16/08/2026;16:00;27.4;10;ORAGEUX;13.0;32.8;0
LIMOGES;45.83;1.26;16/08/2026;17:00;27.7;10;ORAGEUX;11.3;30.2;0
LIMOGES;45.83;1.26;16/08/2026;18:00;27.7;10;ORAGEUX;9.5;26.6;0
LIMOGES;45.83;1.26;16/08/2026;19:00;27.7;10;ORAGEUX;9.7;22.7;0
LIMOGES;45.83;1.26;16/08/2026;20:00;23;10;ORAGEUX;9.1;20.5;0
LIMOGES;45.83;1.26;16/08/2026;21:00;23;10;ORAGEUX;7.0;20.2;0
LIMOGES;45.83;1.26;16/08/2026;22:00;23;10;ORAGEUX;12.2;40.7;0
LIMOGES;45.83;1.26;16/08/2026;23:00;22;0;SOLEIL;4.9;23.8;0
VICHY;46.12;3.42;15/08/2026;00:00;24.6;5;SOLEIL VOILÉ;5.8;34.2;0
VICHY;46.12;3.42;15/08/2026;01:00;25.6;5;SOLEIL VOILÉ;4.0;11.2;0
VICHY;46.12;3.42;15/08/2026;02:00;25.2;5;SOLEIL VOILÉ;7.5;18.4;0
VICHY;46.12;3.42;15/08/2026;03:00;22.9;5;SOLEIL VOILÉ;6.8;17.6;0
VICHY;46.12;3.42;15/08/2026;04:00;23.7;5;SOLEIL VOILÉ;0.8;14.4;0
VICHY;46.12;3.42;15/08/2026;05:00;23.1;5;SOLEIL VOILÉ;3.6;9.7;0
VICHY;46.12;3.42;15/08/2026;06:00;22.6;5;SOLEIL VOILÉ;5.6;11.5;0
VICHY;46.12;3.42;15/08/2026;07:00;25.6;5;SOLEIL VOILÉ;7.6;16.2;0
VICHY;46.12;3.42;15/08/2026;08:00;28.6;5;SOLEIL VOILÉ;7.1;16.9;0
VICHY;46.12;3.42;15/08/2026;09:00;31;5;SOLEIL VOILÉ;7.9;17.6;0
VICHY;46.12;3.42;15/08/2026;10:00;34.1;5;SOLEIL VOILÉ;12.4;27.0;0
VICHY;46.12;3.42;15/08/2026;11:00;35.1;5;SOLEIL VOILÉ;6.5;27.7;0
VICHY;46.12;3.42;15/08/2026;12:00;36.1;5;SOLEIL VOILÉ;2.8;14.0;0
VICHY;46.12;3.42;15/08/2026;13:00;37.2;5;SOLEIL VOILÉ;5.8;14.4;0
VICHY;46.12;3.42;15/08/2026;14:00;36.9;5;SOLEIL VOILÉ;8.9;22.3;0
VICHY;46.12;3.42;15/08/2026;15:00;36.6;5;SOLEIL VOILÉ;11.3;23.8;0
VICHY;46.12;3.42;15/08/2026;16:00;35.9;10;ORAGEUX;10.9;23.4;0
VICHY;46.12;3.42;15/08/2026;17:00;35;2;NUAGEUX;14.8;33.8;0
VICHY;46.12;3.42;15/08/2026;18:00;34;2;NUAGEUX;8.5;28.4;0
VICHY;46.12;3.42;15/08/2026;19:00;31.9;2;NUAGEUX;11.6;28.8;0
VICHY;46.12;3.42;15/08/2026;20:00;29.6;2;NUAGEUX;11.9;26.3;0
VICHY;46.12;3.42;15/08/2026;21:00;27.9;2;NUAGEUX;11.6;25.9;0
VICHY;46.12;3.42;15/08/2026;22:00;26.6;2;NUAGEUX;6.5;24.8;0
VICHY;46.12;3.42;15/08/2026;23:00;25.2;2;NUAGEUX;4.7;13.3;0
VICHY;46.12;3.42;16/08/2026;00:00;24.6;2;NUAGEUX;5.8;11.9;0
VICHY;46.12;3.42;16/08/2026;01:00;24.6;2;NUAGEUX;7.3;15.8;0
VICHY;46.12;3.42;16/08/2026;02:00;22.7;5;SOLEIL VOILÉ;7.4;15.8;0
VICHY;46.12;3.42;16/08/2026;03:00;22.7;5;SOLEIL VOILÉ;6.1;15.8;0
VICHY;46.12;3.42;16/08/2026;04:00;22.7;5;SOLEIL VOILÉ;5.8;12.6;0
VICHY;46.12;3.42;16/08/2026;05:00;22.6;5;SOLEIL VOILÉ;5.0;11.9;0
VICHY;46.12;3.42;16/08/2026;06:00;22.6;5;SOLEIL VOILÉ;4.7;10.8;0
VICHY;46.12;3.42;16/08/2026;07:00;22.6;5;SOLEIL VOILÉ;5.1;10.8;0
VICHY;46.12;3.42;16/08/2026;08:00;26;5;SOLEIL VOILÉ;6.1;12.2;0
VICHY;46.12;3.42;16/08/2026;09:00;26;5;SOLEIL VOILÉ;7.9;17.6;0
VICHY;46.12;3.42;16/08/2026;10:00;26;5;SOLEIL VOILÉ;7.6;18.4;0
VICHY;46.12;3.42;16/08/2026;11:00;32.6;10;ORAGEUX;6.5;19.1;0
VICHY;46.12;3.42;16/08/2026;12:00;32.6;10;ORAGEUX;3.6;15.1;0
VICHY;46.12;3.42;16/08/2026;13:00;32.6;10;ORAGEUX;5.2;12.2;0
VICHY;46.12;3.42;16/08/2026;14:00;29.6;10;ORAGEUX;7.2;11.9;0
VICHY;46.12;3.42;16/08/2026;15:00;29.6;10;ORAGEUX;10.2;18.0;0
VICHY;46.12;3.42;16/08/2026;16:00;29.6;10;ORAGEUX;17.1;30.6;0
VICHY;46.12;3.42;16/08/2026;17:00;28.4;10;ORAGEUX;26.5;60.8;0
VICHY;46.12;3.42;16/08/2026;18:00;28.4;10;ORAGEUX;12.1;51.1;0
VICHY;46.12;3.42;16/08/2026;19:00;28.4;10;ORAGEUX;3.0;30.6;0
VICHY;46.12;3.42;16/08/2026;20:00;23.7;10;ORAGEUX;6.9;16.9;0
VICHY;46.12;3.42;16/08/2026;21:00;23.7;10;ORAGEUX;6.5;13.7;0
VICHY;46.12;3.42;16/08/2026;22:00;23.7;10;ORAGEUX;8.4;18.7;0
VICHY;46.12;3.42;16/08/2026;23:00;22.6;10;ORAGEUX;4.1;17.3;0
LYON;45.76;4.83;15/08/2026;00:00;27.1;0;SOLEIL;0.7;5.0;0
LYON;45.76;4.83;15/08/2026;01:00;27.9;0;SOLEIL;3.3;6.5;0
LYON;45.76;4.83;15/08/2026;02:00;27.5;5;SOLEIL VOILÉ;4.2;12.2;0
LYON;45.76;4.83;15/08/2026;03:00;25.5;5;SOLEIL VOILÉ;1.8;7.9;0
LYON;45.76;4.83;15/08/2026;04:00;25.9;5;SOLEIL VOILÉ;3.3;7.2;0
LYON;45.76;4.83;15/08/2026;05:00;26.1;5;SOLEIL VOILÉ;2.3;9.4;0
LYON;45.76;4.83;15/08/2026;06:00;25.6;5;SOLEIL VOILÉ;1.0;7.2;0
LYON;45.76;4.83;15/08/2026;07:00;28.6;5;SOLEIL VOILÉ;2.5;6.1;0
LYON;45.76;4.83;15/08/2026;08:00;30.6;0;SOLEIL;4.3;6.8;0
LYON;45.76;4.83;15/08/2026;09:00;31.2;0;SOLEIL;0.8;8.6;0
LYON;45.76;4.83;15/08/2026;10:00;34.5;0;SOLEIL;3.1;11.9;0
LYON;45.76;4.83;15/08/2026;11:00;35.5;0;SOLEIL;1.0;9.0;0
LYON;45.76;4.83;15/08/2026;12:00;36;0;SOLEIL;1.9;10.4;0
LYON;45.76;4.83;15/08/2026;13:00;38.7;0;SOLEIL;3.3;10.8;0
LYON;45.76;4.83;15/08/2026;14:00;39;5;SOLEIL VOILÉ;2.5;9.4;0
LYON;45.76;4.83;15/08/2026;15:00;37.6;5;SOLEIL VOILÉ;4.8;13.3;0
LYON;45.76;4.83;15/08/2026;16:00;39;5;SOLEIL VOILÉ;10.1;27.0;0
LYON;45.76;4.83;15/08/2026;17:00;39;2;NUAGEUX;4.5;19.1;0
LYON;45.76;4.83;15/08/2026;18:00;33.1;2;NUAGEUX;1.3;10.1;0
LYON;45.76;4.83;15/08/2026;19:00;33.5;2;NUAGEUX;9.0;16.6;0
LYON;45.76;4.83;15/08/2026;20:00;31.4;2;NUAGEUX;24.2;47.9;0
LYON;45.76;4.83;15/08/2026;21:00;29.9;2;NUAGEUX;19.9;55.8;0
LYON;45.76;4.83;15/08/2026;22:00;28.6;2;NUAGEUX;5.2;40.3;0
LYON;45.76;4.83;15/08/2026;23:00;28.5;2;NUAGEUX;2.8;15.1;0
LYON;45.76;4.83;16/08/2026;00:00;27;2;NUAGEUX;5.5;12.2;0
LYON;45.76;4.83;16/08/2026;01:00;27;2;NUAGEUX;6.5;15.1;0
LYON;45.76;4.83;16/08/2026;02:00;26.2;0;SOLEIL;4.9;14.0;0
LYON;45.76;4.83;16/08/2026;03:00;26.2;0;SOLEIL;4.9;11.5;0
LYON;45.76;4.83;16/08/2026;04:00;26.2;0;SOLEIL;2.6;10.8;0
LYON;45.76;4.83;16/08/2026;05:00;26.9;0;SOLEIL;3.0;6.8;0
LYON;45.76;4.83;16/08/2026;06:00;26.9;0;SOLEIL;3.0;7.2;0
LYON;45.76;4.83;16/08/2026;07:00;26.9;0;SOLEIL;2.2;7.9;0
LYON;45.76;4.83;16/08/2026;08:00;31.4;5;SOLEIL VOILÉ;1.8;6.8;0
LYON;45.76;4.83;16/08/2026;09:00;31.4;5;SOLEIL VOILÉ;3.7;9.4;0
LYON;45.76;4.83;16/08/2026;10:00;31.4;5;SOLEIL VOILÉ;3.7;10.1;0
LYON;45.76;4.83;16/08/2026;11:00;34;10;ORAGEUX;4.3;12.6;0
LYON;45.76;4.83;16/08/2026;12:00;34;10;ORAGEUX;3.6;13.0;0
LYON;45.76;4.83;16/08/2026;13:00;34;10;ORAGEUX;2.2;11.2;0
LYON;45.76;4.83;16/08/2026;14:00;31.6;10;ORAGEUX;0.5;8.3;0
LYON;45.76;4.83;16/08/2026;15:00;31.6;10;ORAGEUX;2.8;10.1;0
LYON;45.76;4.83;16/08/2026;16:00;31.6;10;ORAGEUX;5.9;15.1;0
LYON;45.76;4.83;16/08/2026;17:00;28.4;10;ORAGEUX;7.8;19.8;0
LYON;45.76;4.83;16/08/2026;18:00;28.4;10;ORAGEUX;6.6;22.7;0
LYON;45.76;4.83;16/08/2026;19:00;28.4;10;ORAGEUX;9.8;24.8;0
LYON;45.76;4.83;16/08/2026;20:00;25.6;10;ORAGEUX;19.7;55.4;0
LYON;45.76;4.83;16/08/2026;21:00;25.6;10;ORAGEUX;14.9;37.8;0
LYON;45.76;4.83;16/08/2026;22:00;25.6;10;ORAGEUX;6.9;37.1;0
LYON;45.76;4.83;16/08/2026;23:00;23.9;10;ORAGEUX;7.9;19.1;0
PONTARLIER;46.9;6.35;15/08/2026;00:00;18.5;0;SOLEIL;9.2;18.7;0
PONTARLIER;46.9;6.35;15/08/2026;01:00;17.7;0;SOLEIL;8.5;18.7;0
PONTARLIER;46.9;6.35;15/08/2026;02:00;17;0;SOLEIL;9.4;18.7;0
PONTARLIER;46.9;6.35;15/08/2026;03:00;18.1;0;SOLEIL;7.9;19.1;0
PONTARLIER;46.9;6.35;15/08/2026;04:00;19.1;0;SOLEIL;8.9;16.9;0
PONTARLIER;46.9;6.35;15/08/2026;05:00;19.5;5;SOLEIL VOILÉ;8.7;15.8;0
PONTARLIER;46.9;6.35;15/08/2026;06:00;22.1;5;SOLEIL VOILÉ;8.6;16.2;0
PONTARLIER;46.9;6.35;15/08/2026;07:00;24.6;5;SOLEIL VOILÉ;9.0;13.0;0
PONTARLIER;46.9;6.35;15/08/2026;08:00;27.2;5;SOLEIL VOILÉ;7.0;13.7;0
PONTARLIER;46.9;6.35;15/08/2026;09:00;29.5;5;SOLEIL VOILÉ;4.3;11.9;0
PONTARLIER;46.9;6.35;15/08/2026;10:00;30.6;7;PLUIE FAIBLE;3.3;9.0;0.1
PONTARLIER;46.9;6.35;15/08/2026;11:00;31.4;7;PLUIE FAIBLE;4.6;9.4;0.1
PONTARLIER;46.9;6.35;15/08/2026;12:00;31.1;7;PLUIE FAIBLE;4.3;11.5;0.1
PONTARLIER;46.9;6.35;15/08/2026;13:00;30.9;10;ORAGEUX;7.2;9.7;0.2
PONTARLIER;46.9;6.35;15/08/2026;14:00;31.1;10;ORAGEUX;8.9;10.8;0.2
PONTARLIER;46.9;6.35;15/08/2026;15:00;30.9;7;PLUIE FAIBLE;20.3;56.9;0.2
PONTARLIER;46.9;6.35;15/08/2026;16:00;31.9;5;SOLEIL VOILÉ;6.8;33.5;0
PONTARLIER;46.9;6.35;15/08/2026;17:00;31;5;SOLEIL VOILÉ;5.9;18.4;0
PONTARLIER;46.9;6.35;15/08/2026;18:00;29.1;5;SOLEIL VOILÉ;3.4;12.2;0
PONTARLIER;46.9;6.35;15/08/2026;19:00;26.1;5;SOLEIL VOILÉ;3.9;11.9;0
PONTARLIER;46.9;6.35;15/08/2026;20:00;23.4;5;SOLEIL VOILÉ;5.9;12.2;0
PONTARLIER;46.9;6.35;15/08/2026;21:00;19.4;5;SOLEIL VOILÉ;10.9;25.2;0
PONTARLIER;46.9;6.35;15/08/2026;22:00;18.6;5;SOLEIL VOILÉ;9.7;23.0;0
PONTARLIER;46.9;6.35;15/08/2026;23:00;18.6;2;NUAGEUX;9.2;20.2;0
PONTARLIER;46.9;6.35;16/08/2026;00:00;19;5;SOLEIL VOILÉ;7.4;20.5;0
PONTARLIER;46.9;6.35;16/08/2026;01:00;19;5;SOLEIL VOILÉ;7.5;16.2;0
PONTARLIER;46.9;6.35;16/08/2026;02:00;16.6;5;SOLEIL VOILÉ;7.4;18.4;0
PONTARLIER;46.9;6.35;16/08/2026;03:00;16.6;5;SOLEIL VOILÉ;7.5;16.2;0
PONTARLIER;46.9;6.35;16/08/2026;04:00;16.6;5;SOLEIL VOILÉ;7.7;15.8;0
PONTARLIER;46.9;6.35;16/08/2026;05:00;19.9;5;SOLEIL VOILÉ;7.5;16.2;0
PONTARLIER;46.9;6.35;16/08/2026;06:00;19.9;5;SOLEIL VOILÉ;7.4;15.5;0
PONTARLIER;46.9;6.35;16/08/2026;07:00;19.9;5;SOLEIL VOILÉ;7.6;15.1;0
PONTARLIER;46.9;6.35;16/08/2026;08:00;26.2;5;SOLEIL VOILÉ;5.6;10.1;0
PONTARLIER;46.9;6.35;16/08/2026;09:00;26.2;5;SOLEIL VOILÉ;1.3;10.1;0
PONTARLIER;46.9;6.35;16/08/2026;10:00;26.2;5;SOLEIL VOILÉ;0.7;5.0;0
PONTARLIER;46.9;6.35;16/08/2026;11:00;28.1;10;ORAGEUX;1.1;6.1;0
PONTARLIER;46.9;6.35;16/08/2026;12:00;28.1;10;ORAGEUX;2.2;8.3;0
PONTARLIER;46.9;6.35;16/08/2026;13:00;28.1;10;ORAGEUX;2.5;10.4;0
PONTARLIER;46.9;6.35;16/08/2026;14:00;27.9;10;ORAGEUX;7.3;14.4;0
PONTARLIER;46.9;6.35;16/08/2026;15:00;27.9;10;ORAGEUX;9.5;30.6;0
PONTARLIER;46.9;6.35;16/08/2026;16:00;27.9;10;ORAGEUX;10.7;30.6;0
PONTARLIER;46.9;6.35;16/08/2026;17:00;24.7;10;ORAGEUX;6.0;24.5;0
PONTARLIER;46.9;6.35;16/08/2026;18:00;24.7;10;ORAGEUX;6.6;18.0;0
PONTARLIER;46.9;6.35;16/08/2026;19:00;24.7;10;ORAGEUX;7.0;17.3;0
PONTARLIER;46.9;6.35;16/08/2026;20:00;17.2;10;ORAGEUX;6.0;14.4;0
PONTARLIER;46.9;6.35;16/08/2026;21:00;17.2;10;ORAGEUX;7.8;15.8;0
PONTARLIER;46.9;6.35;16/08/2026;22:00;17.2;10;ORAGEUX;8.5;18.4;0
PONTARLIER;46.9;6.35;16/08/2026;23:00;16.1;10;ORAGEUX;8.7;17.3;0
LA ROCHELLE;46.16;-1.15;15/08/2026;00:00;23.7;5;SOLEIL VOILÉ;8.9;17.6;0
LA ROCHELLE;46.16;-1.15;15/08/2026;01:00;23;5;SOLEIL VOILÉ;8.9;13.0;0
LA ROCHELLE;46.16;-1.15;15/08/2026;02:00;23;5;SOLEIL VOILÉ;8.3;13.0;0
LA ROCHELLE;46.16;-1.15;15/08/2026;03:00;22.4;10;ORAGEUX;9.6;21.2;0
LA ROCHELLE;46.16;-1.15;15/08/2026;04:00;22.4;10;ORAGEUX;6.0;10.1;0.2
LA ROCHELLE;46.16;-1.15;15/08/2026;05:00;22.1;10;ORAGEUX;9.7;13.3;0
LA ROCHELLE;46.16;-1.15;15/08/2026;06:00;23.4;2;NUAGEUX;5.1;6.8;0
LA ROCHELLE;46.16;-1.15;15/08/2026;07:00;24.4;2;NUAGEUX;5.1;6.8;0
LA ROCHELLE;46.16;-1.15;15/08/2026;08:00;24.6;2;NUAGEUX;5.5;8.6;0
LA ROCHELLE;46.16;-1.15;15/08/2026;09:00;25.6;2;NUAGEUX;6.5;13.7;0
LA ROCHELLE;46.16;-1.15;15/08/2026;10:00;25.6;2;NUAGEUX;5.1;11.5;0
LA ROCHELLE;46.16;-1.15;15/08/2026;11:00;26.1;2;NUAGEUX;6.1;13.0;0
LA ROCHELLE;46.16;-1.15;15/08/2026;12:00;26.6;2;NUAGEUX;9.3;18.4;0
LA ROCHELLE;46.16;-1.15;15/08/2026;13:00;25.5;2;NUAGEUX;10.0;20.5;0
LA ROCHELLE;46.16;-1.15;15/08/2026;14:00;24.9;2;NUAGEUX;14.2;22.0;0
LA ROCHELLE;46.16;-1.15;15/08/2026;15:00;25.9;2;NUAGEUX;17.1;24.5;0
LA ROCHELLE;46.16;-1.15;15/08/2026;16:00;24.7;5;SOLEIL VOILÉ;16.4;26.3;0
LA ROCHELLE;46.16;-1.15;15/08/2026;17:00;24.6;5;SOLEIL VOILÉ;19.7;28.4;0
LA ROCHELLE;46.16;-1.15;15/08/2026;18:00;24.6;5;SOLEIL VOILÉ;15.9;21.6;0
LA ROCHELLE;46.16;-1.15;15/08/2026;19:00;23.7;5;SOLEIL VOILÉ;13.2;25.9;0
LA ROCHELLE;46.16;-1.15;15/08/2026;20:00;23.4;0;SOLEIL;10.2;15.1;0
LA ROCHELLE;46.16;-1.15;15/08/2026;21:00;23.5;0;SOLEIL;11.8;18.0;0
LA ROCHELLE;46.16;-1.15;15/08/2026;22:00;22.6;5;SOLEIL VOILÉ;10.9;16.9;0
LA ROCHELLE;46.16;-1.15;15/08/2026;23:00;22.5;5;SOLEIL VOILÉ;11.2;20.2;0
LA ROCHELLE;46.16;-1.15;16/08/2026;00:00;22.9;5;SOLEIL VOILÉ;10.5;17.1;0
LA ROCHELLE;46.16;-1.15;16/08/2026;01:00;22.9;5;SOLEIL VOILÉ;12.6;29.3;0
LA ROCHELLE;46.16;-1.15;16/08/2026;02:00;22.2;0;SOLEIL;14.5;29.5;0
LA ROCHELLE;46.16;-1.15;16/08/2026;03:00;22.2;0;SOLEIL;7.2;25.9;0
LA ROCHELLE;46.16;-1.15;16/08/2026;04:00;22.2;0;SOLEIL;15.0;30.6;0
LA ROCHELLE;46.16;-1.15;16/08/2026;05:00;22.2;0;SOLEIL;10.9;27.4;0
LA ROCHELLE;46.16;-1.15;16/08/2026;06:00;22.2;0;SOLEIL;21.7;45.0;0
LA ROCHELLE;46.16;-1.15;16/08/2026;07:00;22.2;0;SOLEIL;14.3;39.6;0
LA ROCHELLE;46.16;-1.15;16/08/2026;08:00;24.5;0;SOLEIL;10.7;25.6;0
LA ROCHELLE;46.16;-1.15;16/08/2026;09:00;24.5;0;SOLEIL;7.4;23.0;0
LA ROCHELLE;46.16;-1.15;16/08/2026;10:00;24.5;0;SOLEIL;7.9;9.7;0
LA ROCHELLE;46.16;-1.15;16/08/2026;11:00;26.9;0;SOLEIL;19.8;39.6;0
LA ROCHELLE;46.16;-1.15;16/08/2026;12:00;26.9;0;SOLEIL;15.4;36.4;0
LA ROCHELLE;46.16;-1.15;16/08/2026;13:00;26.9;0;SOLEIL;13.5;31.3;0
LA ROCHELLE;46.16;-1.15;16/08/2026;14:00;25.5;0;SOLEIL;16.5;31.0;0
LA ROCHELLE;46.16;-1.15;16/08/2026;15:00;25.5;0;SOLEIL;15.8;32.0;0
LA ROCHELLE;46.16;-1.15;16/08/2026;16:00;25.5;0;SOLEIL;15.1;31.7;0
LA ROCHELLE;46.16;-1.15;16/08/2026;17:00;24;0;SOLEIL;12.5;28.1;0
LA ROCHELLE;46.16;-1.15;16/08/2026;18:00;24;0;SOLEIL;25.0;43.2;0
LA ROCHELLE;46.16;-1.15;16/08/2026;19:00;24;0;SOLEIL;14.6;44.3;0
LA ROCHELLE;46.16;-1.15;16/08/2026;20:00;22.2;0;SOLEIL;7.6;27.7;0
LA ROCHELLE;46.16;-1.15;16/08/2026;21:00;22.2;0;SOLEIL;8.7;15.5;0
LA ROCHELLE;46.16;-1.15;16/08/2026;22:00;22.2;0;SOLEIL;8.1;17.3;0
LA ROCHELLE;46.16;-1.15;16/08/2026;23:00;23;0;SOLEIL;8.8;15.5;0
BORDEAUX;44.83;-0.57;15/08/2026;00:00;23.7;10;ORAGEUX;4.1;11.2;0
BORDEAUX;44.83;-0.57;15/08/2026;01:00;23.9;10;ORAGEUX;3.6;7.6;0.3
BORDEAUX;44.83;-0.57;15/08/2026;02:00;23.6;6;AVERSES;3.3;7.2;0.2
BORDEAUX;44.83;-0.57;15/08/2026;03:00;23.6;5;SOLEIL VOILÉ;5.1;9.7;0
BORDEAUX;44.83;-0.57;15/08/2026;04:00;22.9;2;NUAGEUX;5.1;10.4;0
BORDEAUX;44.83;-0.57;15/08/2026;05:00;22.5;6;AVERSES;5.2;10.4;0.1
BORDEAUX;44.83;-0.57;15/08/2026;06:00;23.1;6;AVERSES;5.8;10.8;0.1
BORDEAUX;44.83;-0.57;15/08/2026;07:00;23.6;2;NUAGEUX;7.3;13.7;0
BORDEAUX;44.83;-0.57;15/08/2026;08:00;24.5;2;NUAGEUX;9.5;15.5;0
BORDEAUX;44.83;-0.57;15/08/2026;09:00;25.6;2;NUAGEUX;9.2;18.7;0
BORDEAUX;44.83;-0.57;15/08/2026;10:00;27.1;6;AVERSES;9.4;19.4;0.1
BORDEAUX;44.83;-0.57;15/08/2026;11:00;28.4;6;AVERSES;10.0;20.5;0.2
BORDEAUX;44.83;-0.57;15/08/2026;12:00;28.9;6;AVERSES;10.2;21.2;0.2
BORDEAUX;44.83;-0.57;15/08/2026;13:00;30.1;2;NUAGEUX;10.7;22.3;0
BORDEAUX;44.83;-0.57;15/08/2026;14:00;31.5;2;NUAGEUX;12.1;24.8;0
BORDEAUX;44.83;-0.57;15/08/2026;15:00;32.1;5;SOLEIL VOILÉ;11.7;25.2;0
BORDEAUX;44.83;-0.57;15/08/2026;16:00;32.7;6;AVERSES;13.7;27.7;0.1
BORDEAUX;44.83;-0.57;15/08/2026;17:00;31.9;6;AVERSES;12.2;27.7;0.1
BORDEAUX;44.83;-0.57;15/08/2026;18:00;30.5;6;AVERSES;11.5;25.2;0.1
BORDEAUX;44.83;-0.57;15/08/2026;19:00;26.7;6;AVERSES;11.7;23.8;0.1
BORDEAUX;44.83;-0.57;15/08/2026;20:00;24.5;6;AVERSES;13.0;25.6;0.1
BORDEAUX;44.83;-0.57;15/08/2026;21:00;24.1;10;ORAGEUX;13.0;25.6;1.2
BORDEAUX;44.83;-0.57;15/08/2026;22:00;22.2;10;ORAGEUX;12.2;24.8;0.9
BORDEAUX;44.83;-0.57;15/08/2026;23:00;21.9;6;AVERSES;11.2;23.4;0.1
BORDEAUX;44.83;-0.57;16/08/2026;00:00;22.2;2;NUAGEUX;11.4;22.0;0
BORDEAUX;44.83;-0.57;16/08/2026;01:00;22.2;2;NUAGEUX;8.6;21.6;0
BORDEAUX;44.83;-0.57;16/08/2026;02:00;21.2;10;ORAGEUX;8.8;16.6;0
BORDEAUX;44.83;-0.57;16/08/2026;03:00;21.2;10;ORAGEUX;7.4;16.6;0
BORDEAUX;44.83;-0.57;16/08/2026;04:00;21.2;10;ORAGEUX;8.5;16.6;0
BORDEAUX;44.83;-0.57;16/08/2026;05:00;21.6;5;SOLEIL VOILÉ;8.4;16.9;0
BORDEAUX;44.83;-0.57;16/08/2026;06:00;21.6;5;SOLEIL VOILÉ;8.4;17.3;0
BORDEAUX;44.83;-0.57;16/08/2026;07:00;21.6;5;SOLEIL VOILÉ;7.7;16.2;0
BORDEAUX;44.83;-0.57;16/08/2026;08:00;24.6;0;SOLEIL;8.7;16.6;0
BORDEAUX;44.83;-0.57;16/08/2026;09:00;24.6;0;SOLEIL;12.5;23.0;0
BORDEAUX;44.83;-0.57;16/08/2026;10:00;24.6;0;SOLEIL;8.8;23.4;0
BORDEAUX;44.83;-0.57;16/08/2026;11:00;28.2;0;SOLEIL;11.3;21.6;0
BORDEAUX;44.83;-0.57;16/08/2026;12:00;28.2;0;SOLEIL;8.1;22.0;0
BORDEAUX;44.83;-0.57;16/08/2026;13:00;28.2;0;SOLEIL;8.3;18.0;0
BORDEAUX;44.83;-0.57;16/08/2026;14:00;29.5;10;ORAGEUX;4.7;17.6;0
BORDEAUX;44.83;-0.57;16/08/2026;15:00;29.5;10;ORAGEUX;6.9;15.5;0
BORDEAUX;44.83;-0.57;16/08/2026;16:00;29.5;10;ORAGEUX;7.0;15.8;0
BORDEAUX;44.83;-0.57;16/08/2026;17:00;27.5;10;ORAGEUX;6.8;10.8;0
BORDEAUX;44.83;-0.57;16/08/2026;18:00;27.5;10;ORAGEUX;7.9;11.2;0
BORDEAUX;44.83;-0.57;16/08/2026;19:00;27.5;10;ORAGEUX;8.4;12.2;0
BORDEAUX;44.83;-0.57;16/08/2026;20:00;23.1;0;SOLEIL;9.7;16.6;0
BORDEAUX;44.83;-0.57;16/08/2026;21:00;23.1;0;SOLEIL;11.7;22.7;0
BORDEAUX;44.83;-0.57;16/08/2026;22:00;23.1;0;SOLEIL;10.5;22.7;0
BORDEAUX;44.83;-0.57;16/08/2026;23:00;21.6;0;SOLEIL;7.8;19.4;0
BIARRITZ;43.48;-1.56;15/08/2026;00:00;23.4;2;NUAGEUX;17.6;33.8;0
BIARRITZ;43.48;-1.56;15/08/2026;01:00;23.1;2;NUAGEUX;16.2;31.7;0
BIARRITZ;43.48;-1.56;15/08/2026;02:00;23;2;NUAGEUX;17.8;30.6;0
BIARRITZ;43.48;-1.56;15/08/2026;03:00;23.1;2;NUAGEUX;21.6;32.4;0
BIARRITZ;43.48;-1.56;15/08/2026;04:00;22.6;2;NUAGEUX;17.3;28.1;0
BIARRITZ;43.48;-1.56;15/08/2026;05:00;22.1;2;NUAGEUX;18.1;28.4;0
BIARRITZ;43.48;-1.56;15/08/2026;06:00;22.5;2;NUAGEUX;15.7;30.6;0
BIARRITZ;43.48;-1.56;15/08/2026;07:00;23.1;6;AVERSES;14.1;29.2;0.1
BIARRITZ;43.48;-1.56;15/08/2026;08:00;24.1;6;AVERSES;13.2;26.3;0.1
BIARRITZ;43.48;-1.56;15/08/2026;09:00;24.2;6;AVERSES;10.9;23.8;0.1
BIARRITZ;43.48;-1.56;15/08/2026;10:00;24.4;2;NUAGEUX;13.5;24.1;0
BIARRITZ;43.48;-1.56;15/08/2026;11:00;24.9;2;NUAGEUX;13.0;25.9;0
BIARRITZ;43.48;-1.56;15/08/2026;12:00;25;2;NUAGEUX;11.6;24.5;0
BIARRITZ;43.48;-1.56;15/08/2026;13:00;24.5;2;NUAGEUX;12.0;23.8;0
BIARRITZ;43.48;-1.56;15/08/2026;14:00;24.9;5;SOLEIL VOILÉ;11.9;20.9;0
BIARRITZ;43.48;-1.56;15/08/2026;15:00;25.5;5;SOLEIL VOILÉ;12.2;22.7;0
BIARRITZ;43.48;-1.56;15/08/2026;16:00;25.2;5;SOLEIL VOILÉ;9.3;21.2;0
BIARRITZ;43.48;-1.56;15/08/2026;17:00;25;5;SOLEIL VOILÉ;9.3;22.7;0
BIARRITZ;43.48;-1.56;15/08/2026;18:00;24.1;5;SOLEIL VOILÉ;15.2;28.8;0
BIARRITZ;43.48;-1.56;15/08/2026;19:00;23.1;5;SOLEIL VOILÉ;16.7;25.9;0
BIARRITZ;43.48;-1.56;15/08/2026;20:00;23.1;5;SOLEIL VOILÉ;19.4;42.8;0
BIARRITZ;43.48;-1.56;15/08/2026;21:00;23.5;2;NUAGEUX;8.9;19.8;0
BIARRITZ;43.48;-1.56;15/08/2026;22:00;23.1;2;NUAGEUX;19.4;32.8;0
BIARRITZ;43.48;-1.56;15/08/2026;23:00;22.7;2;NUAGEUX;23.0;39.4;0
BIARRITZ;43.48;-1.56;16/08/2026;00:00;23;6;AVERSES;23.8;42.8;0.2
BIARRITZ;43.48;-1.56;16/08/2026;01:00;23;6;AVERSES;16.3;36.5;0.2
BIARRITZ;43.48;-1.56;16/08/2026;02:00;22.4;2;NUAGEUX;11.4;26.3;0
BIARRITZ;43.48;-1.56;16/08/2026;03:00;22.4;2;NUAGEUX;8.2;18.4;0
BIARRITZ;43.48;-1.56;16/08/2026;04:00;22.4;2;NUAGEUX;6.5;13.3;0
BIARRITZ;43.48;-1.56;16/08/2026;05:00;22.1;2;NUAGEUX;11.2;18.0;0
BIARRITZ;43.48;-1.56;16/08/2026;06:00;22.1;2;NUAGEUX;14.2;22.7;0
BIARRITZ;43.48;-1.56;16/08/2026;07:00;22.1;2;NUAGEUX;14.8;24.5;0
BIARRITZ;43.48;-1.56;16/08/2026;08:00;24.5;2;NUAGEUX;16.6;27.0;0
BIARRITZ;43.48;-1.56;16/08/2026;09:00;24.5;2;NUAGEUX;18.3;29.5;0
BIARRITZ;43.48;-1.56;16/08/2026;10:00;24.5;2;NUAGEUX;21.0;34.9;0
BIARRITZ;43.48;-1.56;16/08/2026;11:00;24.5;0;SOLEIL;20.2;34.2;0
BIARRITZ;43.48;-1.56;16/08/2026;12:00;24.5;0;SOLEIL;18.3;32.4;0
BIARRITZ;43.48;-1.56;16/08/2026;13:00;24.5;0;SOLEIL;14.2;29.2;0
BIARRITZ;43.48;-1.56;16/08/2026;14:00;24.9;0;SOLEIL;14.9;24.8;0
BIARRITZ;43.48;-1.56;16/08/2026;15:00;24.9;0;SOLEIL;8.9;25.2;0
BIARRITZ;43.48;-1.56;16/08/2026;16:00;24.9;0;SOLEIL;14.2;24.5;0
BIARRITZ;43.48;-1.56;16/08/2026;17:00;24.1;0;SOLEIL;11.3;25.2;0
BIARRITZ;43.48;-1.56;16/08/2026;18:00;24.1;0;SOLEIL;11.4;21.6;0
BIARRITZ;43.48;-1.56;16/08/2026;19:00;24.1;0;SOLEIL;17.0;26.6;0
BIARRITZ;43.48;-1.56;16/08/2026;20:00;23.1;0;SOLEIL;12.0;27.0;0
BIARRITZ;43.48;-1.56;16/08/2026;21:00;23.1;0;SOLEIL;15.3;23.8;0
BIARRITZ;43.48;-1.56;16/08/2026;22:00;23.1;0;SOLEIL;16.3;28.1;0
BIARRITZ;43.48;-1.56;16/08/2026;23:00;22.9;0;SOLEIL;15.8;25.6;0
TARBES;43.23;0.07;15/08/2026;00:00;21.9;5;SOLEIL VOILÉ;7.7;23.4;0
TARBES;43.23;0.07;15/08/2026;01:00;21;5;SOLEIL VOILÉ;5.6;15.1;0
TARBES;43.23;0.07;15/08/2026;02:00;20.7;5;SOLEIL VOILÉ;4.5;11.5;0
TARBES;43.23;0.07;15/08/2026;03:00;21.1;5;SOLEIL VOILÉ;3.7;9.4;0
TARBES;43.23;0.07;15/08/2026;04:00;21.5;5;SOLEIL VOILÉ;3.6;8.3;0
TARBES;43.23;0.07;15/08/2026;05:00;21.9;5;SOLEIL VOILÉ;3.4;7.6;0
TARBES;43.23;0.07;15/08/2026;06:00;22.2;2;NUAGEUX;2.6;7.2;0
TARBES;43.23;0.07;15/08/2026;07:00;24;2;NUAGEUX;2.6;6.1;0
TARBES;43.23;0.07;15/08/2026;08:00;23.9;5;SOLEIL VOILÉ;3.8;6.8;0
TARBES;43.23;0.07;15/08/2026;09:00;24.9;5;SOLEIL VOILÉ;3.8;9.4;0
TARBES;43.23;0.07;15/08/2026;10:00;26;2;NUAGEUX;2.4;9.0;0
TARBES;43.23;0.07;15/08/2026;11:00;26.2;2;NUAGEUX;3.5;11.5;0
TARBES;43.23;0.07;15/08/2026;12:00;28.1;2;NUAGEUX;4.6;12.2;0
TARBES;43.23;0.07;15/08/2026;13:00;28.6;6;AVERSES;5.2;14.0;0.1
TARBES;43.23;0.07;15/08/2026;14:00;28.6;10;ORAGEUX;7.2;17.3;0.1
TARBES;43.23;0.07;15/08/2026;15:00;27.6;10;ORAGEUX;9.8;23.8;0.2
TARBES;43.23;0.07;15/08/2026;16:00;28.1;10;ORAGEUX;9.7;24.1;0.1
TARBES;43.23;0.07;15/08/2026;17:00;25.5;6;AVERSES;9.0;24.1;0.4
TARBES;43.23;0.07;15/08/2026;18:00;22.9;6;AVERSES;6.6;20.9;0.1
TARBES;43.23;0.07;15/08/2026;19:00;21.7;6;AVERSES;9.4;21.6;0.1
TARBES;43.23;0.07;15/08/2026;20:00;21.1;6;AVERSES;10.6;23.0;0.1
TARBES;43.23;0.07;15/08/2026;21:00;21.2;6;AVERSES;8.8;22.7;2.2
TARBES;43.23;0.07;15/08/2026;22:00;21.4;6;AVERSES;11.4;23.4;0.3
TARBES;43.23;0.07;15/08/2026;23:00;21.1;5;SOLEIL VOILÉ;12.2;25.9;0
TARBES;43.23;0.07;16/08/2026;00:00;20.2;5;SOLEIL VOILÉ;12.6;27.0;0
TARBES;43.23;0.07;16/08/2026;01:00;20.2;5;SOLEIL VOILÉ;9.7;26.6;0
TARBES;43.23;0.07;16/08/2026;02:00;20;2;NUAGEUX;9.4;20.5;0
TARBES;43.23;0.07;16/08/2026;03:00;20;2;NUAGEUX;7.7;19.8;0
TARBES;43.23;0.07;16/08/2026;04:00;20;2;NUAGEUX;6.7;15.8;0
TARBES;43.23;0.07;16/08/2026;05:00;20.2;2;NUAGEUX;5.9;14.4;0
TARBES;43.23;0.07;16/08/2026;06:00;20.2;2;NUAGEUX;5.9;13.0;0
TARBES;43.23;0.07;16/08/2026;07:00;20.2;2;NUAGEUX;6.8;14.4;0
TARBES;43.23;0.07;16/08/2026;08:00;22.7;2;NUAGEUX;6.1;14.4;0
TARBES;43.23;0.07;16/08/2026;09:00;22.7;2;NUAGEUX;7.9;17.3;0
TARBES;43.23;0.07;16/08/2026;10:00;22.7;2;NUAGEUX;10.1;22.0;0
TARBES;43.23;0.07;16/08/2026;11:00;26.4;5;SOLEIL VOILÉ;4.7;21.2;0
TARBES;43.23;0.07;16/08/2026;12:00;26.4;5;SOLEIL VOILÉ;5.5;14.4;0
TARBES;43.23;0.07;16/08/2026;13:00;26.4;5;SOLEIL VOILÉ;6.1;15.5;0
TARBES;43.23;0.07;16/08/2026;14:00;26.6;5;SOLEIL VOILÉ;6.6;16.9;0
TARBES;43.23;0.07;16/08/2026;15:00;26.6;5;SOLEIL VOILÉ;5.0;16.6;0
TARBES;43.23;0.07;16/08/2026;16:00;26.6;5;SOLEIL VOILÉ;3.9;11.5;0
TARBES;43.23;0.07;16/08/2026;17:00;25.1;10;ORAGEUX;4.0;5.0;0
TARBES;43.23;0.07;16/08/2026;18:00;25.1;10;ORAGEUX;1.9;5.0;0
TARBES;43.23;0.07;16/08/2026;19:00;25.1;10;ORAGEUX;1.4;5.8;0
TARBES;43.23;0.07;16/08/2026;20:00;22.1;10;ORAGEUX;2.9;7.6;0
TARBES;43.23;0.07;16/08/2026;21:00;22.1;10;ORAGEUX;4.3;9.4;0
TARBES;43.23;0.07;16/08/2026;22:00;22.1;10;ORAGEUX;11.3;23.8;0
TARBES;43.23;0.07;16/08/2026;23:00;21;0;SOLEIL;7.4;22.7;0
TOULOUSE;43.6;1.44;15/08/2026;00:00;27.7;5;SOLEIL VOILÉ;3.6;6.8;0
TOULOUSE;43.6;1.44;15/08/2026;01:00;25.7;5;SOLEIL VOILÉ;2.7;6.1;0
TOULOUSE;43.6;1.44;15/08/2026;02:00;24.6;5;SOLEIL VOILÉ;2.2;5.0;0
TOULOUSE;43.6;1.44;15/08/2026;03:00;23.6;5;SOLEIL VOILÉ;5.0;13.3;0
TOULOUSE;43.6;1.44;15/08/2026;04:00;23.4;5;SOLEIL VOILÉ;5.6;11.9;0
TOULOUSE;43.6;1.44;15/08/2026;05:00;23;5;SOLEIL VOILÉ;7.0;13.7;0
TOULOUSE;43.6;1.44;15/08/2026;06:00;23.5;5;SOLEIL VOILÉ;6.8;14.4;0
TOULOUSE;43.6;1.44;15/08/2026;07:00;24.7;5;SOLEIL VOILÉ;6.1;15.1;0
TOULOUSE;43.6;1.44;15/08/2026;08:00;25.1;5;SOLEIL VOILÉ;6.1;12.6;0
TOULOUSE;43.6;1.44;15/08/2026;09:00;27;5;SOLEIL VOILÉ;5.9;13.0;0
TOULOUSE;43.6;1.44;15/08/2026;10:00;28.5;5;SOLEIL VOILÉ;3.7;10.1;0
TOULOUSE;43.6;1.44;15/08/2026;11:00;30.1;5;SOLEIL VOILÉ;2.6;9.7;0
TOULOUSE;43.6;1.44;15/08/2026;12:00;31.5;5;SOLEIL VOILÉ;1.8;9.0;0
TOULOUSE;43.6;1.44;15/08/2026;13:00;32.7;6;AVERSES;2.6;8.6;0.1
TOULOUSE;43.6;1.44;15/08/2026;14:00;33;6;AVERSES;4.4;9.0;0.1
TOULOUSE;43.6;1.44;15/08/2026;15:00;32.9;6;AVERSES;3.7;10.8;0.1
TOULOUSE;43.6;1.44;15/08/2026;16:00;32.1;10;ORAGEUX;5.5;13.0;0.1
TOULOUSE;43.6;1.44;15/08/2026;17:00;29.9;10;ORAGEUX;6.0;16.9;0.7
TOULOUSE;43.6;1.44;15/08/2026;18:00;28.9;10;ORAGEUX;8.4;13.0;0.1
TOULOUSE;43.6;1.44;15/08/2026;19:00;26.9;10;ORAGEUX;8.4;18.4;0
TOULOUSE;43.6;1.44;15/08/2026;20:00;25.2;2;NUAGEUX;9.3;19.1;0
TOULOUSE;43.6;1.44;15/08/2026;21:00;24.1;2;NUAGEUX;7.8;19.1;0
TOULOUSE;43.6;1.44;15/08/2026;22:00;23.7;2;NUAGEUX;7.3;14.8;0
TOULOUSE;43.6;1.44;15/08/2026;23:00;23.7;2;NUAGEUX;7.8;15.5;0
TOULOUSE;43.6;1.44;16/08/2026;00:00;23.7;5;SOLEIL VOILÉ;11.6;23.0;0
TOULOUSE;43.6;1.44;16/08/2026;01:00;23.7;5;SOLEIL VOILÉ;13.0;27.0;0
TOULOUSE;43.6;1.44;16/08/2026;02:00;23.1;5;SOLEIL VOILÉ;13.3;27.7;0
TOULOUSE;43.6;1.44;16/08/2026;03:00;23.1;5;SOLEIL VOILÉ;11.5;25.9;0
TOULOUSE;43.6;1.44;16/08/2026;04:00;23.1;5;SOLEIL VOILÉ;10.9;23.8;0
TOULOUSE;43.6;1.44;16/08/2026;05:00;22.1;5;SOLEIL VOILÉ;8.6;21.2;0
TOULOUSE;43.6;1.44;16/08/2026;06:00;22.1;5;SOLEIL VOILÉ;8.0;17.6;0
TOULOUSE;43.6;1.44;16/08/2026;07:00;22.1;5;SOLEIL VOILÉ;9.4;19.4;0
TOULOUSE;43.6;1.44;16/08/2026;08:00;24.6;2;NUAGEUX;9.9;20.9;0
TOULOUSE;43.6;1.44;16/08/2026;09:00;24.6;2;NUAGEUX;12.2;24.8;0
TOULOUSE;43.6;1.44;16/08/2026;10:00;24.6;2;NUAGEUX;12.4;26.6;0
TOULOUSE;43.6;1.44;16/08/2026;11:00;28.1;2;NUAGEUX;10.3;24.1;0
TOULOUSE;43.6;1.44;16/08/2026;12:00;28.1;2;NUAGEUX;10.5;21.2;0
TOULOUSE;43.6;1.44;16/08/2026;13:00;28.1;2;NUAGEUX;11.2;20.9;0
TOULOUSE;43.6;1.44;16/08/2026;14:00;30.4;10;ORAGEUX;6.4;20.2;0
TOULOUSE;43.6;1.44;16/08/2026;15:00;30.4;10;ORAGEUX;6.9;15.5;0
TOULOUSE;43.6;1.44;16/08/2026;16:00;30.4;10;ORAGEUX;7.1;15.5;0
TOULOUSE;43.6;1.44;16/08/2026;17:00;28.1;10;ORAGEUX;3.9;13.3;0
TOULOUSE;43.6;1.44;16/08/2026;18:00;28.1;10;ORAGEUX;7.4;13.3;0
TOULOUSE;43.6;1.44;16/08/2026;19:00;28.1;10;ORAGEUX;4.6;10.8;0
TOULOUSE;43.6;1.44;16/08/2026;20:00;25;10;ORAGEUX;3.6;8.3;0
TOULOUSE;43.6;1.44;16/08/2026;21:00;25;10;ORAGEUX;9.0;16.9;0
TOULOUSE;43.6;1.44;16/08/2026;22:00;25;10;ORAGEUX;11.3;23.0;0
TOULOUSE;43.6;1.44;16/08/2026;23:00;25;0;SOLEIL;9.7;23.0;0
AURILLAC;44.92;2.44;15/08/2026;00:00;25.1;5;SOLEIL VOILÉ;7.3;15.1;0
AURILLAC;44.92;2.44;15/08/2026;01:00;24.4;5;SOLEIL VOILÉ;7.7;14.8;0
AURILLAC;44.92;2.44;15/08/2026;02:00;23.6;5;SOLEIL VOILÉ;7.4;13.7;0
AURILLAC;44.92;2.44;15/08/2026;03:00;23.1;5;SOLEIL VOILÉ;7.7;13.7;0
AURILLAC;44.92;2.44;15/08/2026;04:00;22.4;5;SOLEIL VOILÉ;8.4;10.1;0
AURILLAC;44.92;2.44;15/08/2026;05:00;21.6;5;SOLEIL VOILÉ;7.3;10.1;0
AURILLAC;44.92;2.44;15/08/2026;06:00;22.2;5;SOLEIL VOILÉ;7.8;14.0;0
AURILLAC;44.92;2.44;15/08/2026;07:00;24.1;5;SOLEIL VOILÉ;7.8;14.4;0
AURILLAC;44.92;2.44;15/08/2026;08:00;26.5;5;SOLEIL VOILÉ;5.8;13.3;0
AURILLAC;44.92;2.44;15/08/2026;09:00;29.1;5;SOLEIL VOILÉ;3.6;9.4;0
AURILLAC;44.92;2.44;15/08/2026;10:00;30.2;5;SOLEIL VOILÉ;1.1;6.5;0
AURILLAC;44.92;2.44;15/08/2026;11:00;31.7;5;SOLEIL VOILÉ;5.0;11.2;0
AURILLAC;44.92;2.44;15/08/2026;12:00;32.4;5;SOLEIL VOILÉ;10.5;21.6;0
AURILLAC;44.92;2.44;15/08/2026;13:00;30;10;ORAGEUX;12.7;22.3;0
AURILLAC;44.92;2.44;15/08/2026;14:00;27.2;10;ORAGEUX;13.8;18.7;0
AURILLAC;44.92;2.44;15/08/2026;15:00;26.6;10;ORAGEUX;11.7;20.2;3.2
AURILLAC;44.92;2.44;15/08/2026;16:00;27.4;10;ORAGEUX;5.4;15.5;1
AURILLAC;44.92;2.44;15/08/2026;17:00;24.9;10;ORAGEUX;13.7;39.6;0.4
AURILLAC;44.92;2.44;15/08/2026;18:00;25.1;10;ORAGEUX;10.2;30.6;0
AURILLAC;44.92;2.44;15/08/2026;19:00;24.6;10;ORAGEUX;7.7;26.3;0
AURILLAC;44.92;2.44;15/08/2026;20:00;23.1;2;NUAGEUX;9.7;28.1;0
AURILLAC;44.92;2.44;15/08/2026;21:00;21.2;2;NUAGEUX;5.6;19.8;0
AURILLAC;44.92;2.44;15/08/2026;22:00;20.6;2;NUAGEUX;7.6;15.1;0
AURILLAC;44.92;2.44;15/08/2026;23:00;20.6;2;NUAGEUX;6.1;13.3;0
AURILLAC;44.92;2.44;16/08/2026;00:00;20.1;2;NUAGEUX;8.0;15.8;0
AURILLAC;44.92;2.44;16/08/2026;01:00;20.1;2;NUAGEUX;5.8;18.7;0
AURILLAC;44.92;2.44;16/08/2026;02:00;18.7;5;SOLEIL VOILÉ;6.9;13.3;0
AURILLAC;44.92;2.44;16/08/2026;03:00;18.7;5;SOLEIL VOILÉ;6.9;14.4;0
AURILLAC;44.92;2.44;16/08/2026;04:00;18.7;5;SOLEIL VOILÉ;6.5;13.0;0
AURILLAC;44.92;2.44;16/08/2026;05:00;20.4;5;SOLEIL VOILÉ;4.8;12.2;0
AURILLAC;44.92;2.44;16/08/2026;06:00;20.4;5;SOLEIL VOILÉ;6.7;11.9;0
AURILLAC;44.92;2.44;16/08/2026;07:00;20.4;5;SOLEIL VOILÉ;6.2;11.9;0
AURILLAC;44.92;2.44;16/08/2026;08:00;24.1;5;SOLEIL VOILÉ;4.0;11.9;0
AURILLAC;44.92;2.44;16/08/2026;09:00;24.1;5;SOLEIL VOILÉ;2.3;7.2;0
AURILLAC;44.92;2.44;16/08/2026;10:00;24.1;5;SOLEIL VOILÉ;5.8;13.3;0
AURILLAC;44.92;2.44;16/08/2026;11:00;27.1;10;ORAGEUX;8.4;13.7;0
AURILLAC;44.92;2.44;16/08/2026;12:00;27.1;10;ORAGEUX;9.8;13.7;0
AURILLAC;44.92;2.44;16/08/2026;13:00;27.1;10;ORAGEUX;11.2;16.6;0
AURILLAC;44.92;2.44;16/08/2026;14:00;25.1;10;ORAGEUX;11.8;18.0;0
AURILLAC;44.92;2.44;16/08/2026;15:00;25.1;10;ORAGEUX;12.7;25.6;0
AURILLAC;44.92;2.44;16/08/2026;16:00;25.1;10;ORAGEUX;13.6;22.0;0
AURILLAC;44.92;2.44;16/08/2026;17:00;24.1;6;AVERSES;7.9;27.0;0
AURILLAC;44.92;2.44;16/08/2026;18:00;24.1;6;AVERSES;6.9;19.8;0
AURILLAC;44.92;2.44;16/08/2026;19:00;24.1;6;AVERSES;13.1;38.9;0
AURILLAC;44.92;2.44;16/08/2026;20:00;21;5;SOLEIL VOILÉ;15.5;34.9;0
AURILLAC;44.92;2.44;16/08/2026;21:00;21;5;SOLEIL VOILÉ;8.7;31.0;0
AURILLAC;44.92;2.44;16/08/2026;22:00;21;5;SOLEIL VOILÉ;3.5;17.3;0
AURILLAC;44.92;2.44;16/08/2026;23:00;19.7;0;SOLEIL;6.2;14.0;0
MONTÉLIMAR;44.55;4.75;15/08/2026;00:00;24.6;0;SOLEIL;3.7;9.4;0
MONTÉLIMAR;44.55;4.75;15/08/2026;01:00;23.9;0;SOLEIL;3.9;5.8;0
MONTÉLIMAR;44.55;4.75;15/08/2026;02:00;23.6;5;SOLEIL VOILÉ;4.7;7.6;0
MONTÉLIMAR;44.55;4.75;15/08/2026;03:00;22.1;5;SOLEIL VOILÉ;2.6;6.8;0
MONTÉLIMAR;44.55;4.75;15/08/2026;04:00;22.5;5;SOLEIL VOILÉ;6.8;11.2;0
MONTÉLIMAR;44.55;4.75;15/08/2026;05:00;21.7;5;SOLEIL VOILÉ;5.9;11.5;0
MONTÉLIMAR;44.55;4.75;15/08/2026;06:00;23.5;5;SOLEIL VOILÉ;5.4;9.4;0
MONTÉLIMAR;44.55;4.75;15/08/2026;07:00;26.6;5;SOLEIL VOILÉ;5.2;9.7;0
MONTÉLIMAR;44.55;4.75;15/08/2026;08:00;28.5;5;SOLEIL VOILÉ;2.7;8.6;0
MONTÉLIMAR;44.55;4.75;15/08/2026;09:00;31.4;5;SOLEIL VOILÉ;2.6;5.8;0
MONTÉLIMAR;44.55;4.75;15/08/2026;10:00;33.9;5;SOLEIL VOILÉ;2.2;5.0;0
MONTÉLIMAR;44.55;4.75;15/08/2026;11:00;35.6;0;SOLEIL;3.6;7.2;0
MONTÉLIMAR;44.55;4.75;15/08/2026;12:00;36.9;0;SOLEIL;9.3;15.8;0
MONTÉLIMAR;44.55;4.75;15/08/2026;13:00;37.6;0;SOLEIL;12.8;16.6;0
MONTÉLIMAR;44.55;4.75;15/08/2026;14:00;38.2;5;SOLEIL VOILÉ;6.3;15.5;0
MONTÉLIMAR;44.55;4.75;15/08/2026;15:00;39;10;ORAGEUX;2.1;11.9;0
MONTÉLIMAR;44.55;4.75;15/08/2026;16:00;34.4;10;ORAGEUX;5.9;13.0;0
MONTÉLIMAR;44.55;4.75;15/08/2026;17:00;31.2;10;ORAGEUX;3.8;12.6;0
MONTÉLIMAR;44.55;4.75;15/08/2026;18:00;30.7;10;ORAGEUX;12.8;18.0;0
MONTÉLIMAR;44.55;4.75;15/08/2026;19:00;29.1;10;ORAGEUX;11.1;42.8;0
MONTÉLIMAR;44.55;4.75;15/08/2026;20:00;27.5;5;SOLEIL VOILÉ;1.9;16.2;0
MONTÉLIMAR;44.55;4.75;15/08/2026;21:00;25.4;5;SOLEIL VOILÉ;8.4;13.7;0
MONTÉLIMAR;44.55;4.75;15/08/2026;22:00;25.5;5;SOLEIL VOILÉ;5.8;13.0;0
MONTÉLIMAR;44.55;4.75;15/08/2026;23:00;24.6;5;SOLEIL VOILÉ;6.4;10.1;0
MONTÉLIMAR;44.55;4.75;16/08/2026;00:00;23.4;5;SOLEIL VOILÉ;5.2;11.2;0
MONTÉLIMAR;44.55;4.75;16/08/2026;01:00;23.4;5;SOLEIL VOILÉ;1.3;7.6;0
MONTÉLIMAR;44.55;4.75;16/08/2026;02:00;21.9;0;SOLEIL;5.1;9.4;0
MONTÉLIMAR;44.55;4.75;16/08/2026;03:00;21.9;0;SOLEIL;5.5;8.6;0
MONTÉLIMAR;44.55;4.75;16/08/2026;04:00;21.9;0;SOLEIL;6.4;11.2;0
MONTÉLIMAR;44.55;4.75;16/08/2026;05:00;23.1;0;SOLEIL;4.2;9.4;0
MONTÉLIMAR;44.55;4.75;16/08/2026;06:00;23.1;0;SOLEIL;4.4;6.8;0
MONTÉLIMAR;44.55;4.75;16/08/2026;07:00;23.1;0;SOLEIL;3.6;6.5;0
MONTÉLIMAR;44.55;4.75;16/08/2026;08:00;29.6;0;SOLEIL;2.2;5.4;0
MONTÉLIMAR;44.55;4.75;16/08/2026;09:00;29.6;0;SOLEIL;0.4;3.2;0
MONTÉLIMAR;44.55;4.75;16/08/2026;10:00;29.6;0;SOLEIL;1.1;3.6;0
MONTÉLIMAR;44.55;4.75;16/08/2026;11:00;35.5;10;ORAGEUX;4.3;9.7;0
MONTÉLIMAR;44.55;4.75;16/08/2026;12:00;35.5;10;ORAGEUX;9.5;17.3;0
MONTÉLIMAR;44.55;4.75;16/08/2026;13:00;35.5;10;ORAGEUX;12.8;16.6;0
MONTÉLIMAR;44.55;4.75;16/08/2026;14:00;36;10;ORAGEUX;14.2;17.6;0
MONTÉLIMAR;44.55;4.75;16/08/2026;15:00;36;10;ORAGEUX;15.8;20.2;0
MONTÉLIMAR;44.55;4.75;16/08/2026;16:00;36;10;ORAGEUX;11.9;20.9;0
MONTÉLIMAR;44.55;4.75;16/08/2026;17:00;30.6;10;ORAGEUX;24.1;34.6;0
MONTÉLIMAR;44.55;4.75;16/08/2026;18:00;30.6;10;ORAGEUX;28.3;66.2;0
MONTÉLIMAR;44.55;4.75;16/08/2026;19:00;30.6;10;ORAGEUX;28.5;50.4;0
MONTÉLIMAR;44.55;4.75;16/08/2026;20:00;25;10;ORAGEUX;8.7;45.0;0
MONTÉLIMAR;44.55;4.75;16/08/2026;21:00;25;10;ORAGEUX;1.9;18.7;0
MONTÉLIMAR;44.55;4.75;16/08/2026;22:00;25;10;ORAGEUX;2.5;4.3;0
MONTÉLIMAR;44.55;4.75;16/08/2026;23:00;24.1;10;ORAGEUX;6.9;10.4;0
GAP;44.55;6.07;15/08/2026;00:00;19.1;0;SOLEIL;10.6;24.5;0
GAP;44.55;6.07;15/08/2026;01:00;18.7;0;SOLEIL;9.2;16.6;0
GAP;44.55;6.07;15/08/2026;02:00;18.2;0;SOLEIL;7.6;15.1;0
GAP;44.55;6.07;15/08/2026;03:00;18.5;0;SOLEIL;5.6;13.0;0
GAP;44.55;6.07;15/08/2026;04:00;18.4;0;SOLEIL;4.7;11.5;0
GAP;44.55;6.07;15/08/2026;05:00;18.4;5;SOLEIL VOILÉ;4.2;6.8;0
GAP;44.55;6.07;15/08/2026;06:00;20.9;5;SOLEIL VOILÉ;4.5;12.6;0
GAP;44.55;6.07;15/08/2026;07:00;23.6;5;SOLEIL VOILÉ;3.4;7.2;0
GAP;44.55;6.07;15/08/2026;08:00;25.9;0;SOLEIL;4.5;7.2;0
GAP;44.55;6.07;15/08/2026;09:00;27.7;0;SOLEIL;4.5;8.3;0
GAP;44.55;6.07;15/08/2026;10:00;30.1;0;SOLEIL;3.3;8.3;0
GAP;44.55;6.07;15/08/2026;11:00;32.2;0;SOLEIL;1.3;7.6;0
GAP;44.55;6.07;15/08/2026;12:00;33.2;0;SOLEIL;3.9;9.7;0
GAP;44.55;6.07;15/08/2026;13:00;33;10;ORAGEUX;11.9;20.2;0
GAP;44.55;6.07;15/08/2026;14:00;31.9;10;ORAGEUX;2.6;44.3;0
GAP;44.55;6.07;15/08/2026;15:00;30.7;10;ORAGEUX;3.1;15.5;0
GAP;44.55;6.07;15/08/2026;16:00;29.6;10;ORAGEUX;5.4;15.8;0
GAP;44.55;6.07;15/08/2026;17:00;29.4;10;ORAGEUX;20.6;63.0;0
GAP;44.55;6.07;15/08/2026;18:00;26.6;10;ORAGEUX;31.4;57.2;0
GAP;44.55;6.07;15/08/2026;19:00;25.5;10;ORAGEUX;14.0;52.6;0
GAP;44.55;6.07;15/08/2026;20:00;23.2;6;AVERSES;7.9;22.3;0.4
GAP;44.55;6.07;15/08/2026;21:00;21.2;2;NUAGEUX;10.4;22.3;0
GAP;44.55;6.07;15/08/2026;22:00;20.6;2;NUAGEUX;5.4;20.2;0
GAP;44.55;6.07;15/08/2026;23:00;20.7;5;SOLEIL VOILÉ;4.8;7.9;0
GAP;44.55;6.07;16/08/2026;00:00;20.1;5;SOLEIL VOILÉ;1.3;9.0;0
GAP;44.55;6.07;16/08/2026;01:00;20.1;5;SOLEIL VOILÉ;3.5;5.4;0
GAP;44.55;6.07;16/08/2026;02:00;19.1;0;SOLEIL;4.2;8.3;0
GAP;44.55;6.07;16/08/2026;03:00;19.1;0;SOLEIL;4.0;8.6;0
GAP;44.55;6.07;16/08/2026;04:00;19.1;0;SOLEIL;1.8;6.1;0
GAP;44.55;6.07;16/08/2026;05:00;20.6;0;SOLEIL;3.9;5.4;0
GAP;44.55;6.07;16/08/2026;06:00;20.6;0;SOLEIL;2.9;6.1;0
GAP;44.55;6.07;16/08/2026;07:00;20.6;0;SOLEIL;2.9;5.0;0
GAP;44.55;6.07;16/08/2026;08:00;27.1;0;SOLEIL;2.9;6.8;0
GAP;44.55;6.07;16/08/2026;09:00;27.1;0;SOLEIL;1.0;4.7;0
GAP;44.55;6.07;16/08/2026;10:00;27.1;0;SOLEIL;2.2;5.0;0
GAP;44.55;6.07;16/08/2026;11:00;31.2;10;ORAGEUX;1.5;4.7;0
GAP;44.55;6.07;16/08/2026;12:00;31.2;10;ORAGEUX;1.1;4.7;0
GAP;44.55;6.07;16/08/2026;13:00;31.2;10;ORAGEUX;0.5;2.9;0
GAP;44.55;6.07;16/08/2026;14:00;27.5;10;ORAGEUX;1.6;5.4;0
GAP;44.55;6.07;16/08/2026;15:00;27.5;10;ORAGEUX;10.1;19.8;0
GAP;44.55;6.07;16/08/2026;16:00;27.5;10;ORAGEUX;26.3;51.5;0
GAP;44.55;6.07;16/08/2026;17:00;25.1;10;ORAGEUX;20.2;49.0;0
GAP;44.55;6.07;16/08/2026;18:00;25.1;10;ORAGEUX;5.6;42.1;0
GAP;44.55;6.07;16/08/2026;19:00;25.1;10;ORAGEUX;14.4;25.2;0
GAP;44.55;6.07;16/08/2026;20:00;21.9;0;SOLEIL;8.0;20.9;0
GAP;44.55;6.07;16/08/2026;21:00;21.9;0;SOLEIL;9.0;15.8;0
GAP;44.55;6.07;16/08/2026;22:00;21.9;0;SOLEIL;5.1;24.1;0
GAP;44.55;6.07;16/08/2026;23:00;20.1;0;SOLEIL;4.2;14.4;0
PERPIGNAN;42.69;2.89;15/08/2026;00:00;26.7;5;SOLEIL VOILÉ;4.8;13.0;0
PERPIGNAN;42.69;2.89;15/08/2026;01:00;26.4;5;SOLEIL VOILÉ;4.5;9.7;0
PERPIGNAN;42.69;2.89;15/08/2026;02:00;26.5;5;SOLEIL VOILÉ;5.1;15.5;0
PERPIGNAN;42.69;2.89;15/08/2026;03:00;26.6;5;SOLEIL VOILÉ;2.8;11.2;0
PERPIGNAN;42.69;2.89;15/08/2026;04:00;25.2;5;SOLEIL VOILÉ;3.8;5.0;0
PERPIGNAN;42.69;2.89;15/08/2026;05:00;26.1;5;SOLEIL VOILÉ;3.9;2.9;0
PERPIGNAN;42.69;2.89;15/08/2026;06:00;26.6;5;SOLEIL VOILÉ;0.8;6.5;0
PERPIGNAN;42.69;2.89;15/08/2026;07:00;28.1;5;SOLEIL VOILÉ;8.7;7.2;0
PERPIGNAN;42.69;2.89;15/08/2026;08:00;29.7;5;SOLEIL VOILÉ;5.5;14.4;0
PERPIGNAN;42.69;2.89;15/08/2026;09:00;32.4;5;SOLEIL VOILÉ;2.5;13.7;0
PERPIGNAN;42.69;2.89;15/08/2026;10:00;33.6;5;SOLEIL VOILÉ;2.1;15.5;0
PERPIGNAN;42.69;2.89;15/08/2026;11:00;33.6;5;SOLEIL VOILÉ;2.3;14.8;0
PERPIGNAN;42.69;2.89;15/08/2026;12:00;33.6;5;SOLEIL VOILÉ;5.6;17.6;0
PERPIGNAN;42.69;2.89;15/08/2026;13:00;33.7;5;SOLEIL VOILÉ;5.8;22.7;0
PERPIGNAN;42.69;2.89;15/08/2026;14:00;32.2;10;ORAGEUX;8.8;24.8;0
PERPIGNAN;42.69;2.89;15/08/2026;15:00;31.1;10;ORAGEUX;13.0;25.9;0
PERPIGNAN;42.69;2.89;15/08/2026;16:00;31.1;5;SOLEIL VOILÉ;14.1;31.7;0
PERPIGNAN;42.69;2.89;15/08/2026;17:00;30.9;5;SOLEIL VOILÉ;17.3;28.8;0
PERPIGNAN;42.69;2.89;15/08/2026;18:00;30.5;5;SOLEIL VOILÉ;14.0;29.5;0
PERPIGNAN;42.69;2.89;15/08/2026;19:00;29.6;5;SOLEIL VOILÉ;12.5;23.8;0
PERPIGNAN;42.69;2.89;15/08/2026;20:00;28.4;5;SOLEIL VOILÉ;11.3;25.2;0
PERPIGNAN;42.69;2.89;15/08/2026;21:00;27.6;5;SOLEIL VOILÉ;5.9;10.1;0
PERPIGNAN;42.69;2.89;15/08/2026;22:00;27.2;5;SOLEIL VOILÉ;8.0;13.3;0
PERPIGNAN;42.69;2.89;15/08/2026;23:00;27.4;5;SOLEIL VOILÉ;8.5;14.3;0
PERPIGNAN;42.69;2.89;16/08/2026;00:00;27;5;SOLEIL VOILÉ;13.9;26.6;0
PERPIGNAN;42.69;2.89;16/08/2026;01:00;27;5;SOLEIL VOILÉ;12.6;28.1;0
PERPIGNAN;42.69;2.89;16/08/2026;02:00;25.2;0;SOLEIL;12.3;23.0;0
PERPIGNAN;42.69;2.89;16/08/2026;03:00;25.2;0;SOLEIL;11.3;28.1;0
PERPIGNAN;42.69;2.89;16/08/2026;04:00;25.2;0;SOLEIL;6.8;20.5;0
PERPIGNAN;42.69;2.89;16/08/2026;05:00;26.1;0;SOLEIL;8.9;16.2;0
PERPIGNAN;42.69;2.89;16/08/2026;06:00;26.1;0;SOLEIL;6.2;17.6;0
PERPIGNAN;42.69;2.89;16/08/2026;07:00;26.1;0;SOLEIL;4.1;9.4;0
PERPIGNAN;42.69;2.89;16/08/2026;08:00;31.1;0;SOLEIL;2.5;6.1;0
PERPIGNAN;42.69;2.89;16/08/2026;09:00;31.1;0;SOLEIL;3.9;9.7;0
PERPIGNAN;42.69;2.89;16/08/2026;10:00;31.1;0;SOLEIL;4.1;13.0;0
PERPIGNAN;42.69;2.89;16/08/2026;11:00;32.9;10;ORAGEUX;4.8;15.8;0
PERPIGNAN;42.69;2.89;16/08/2026;12:00;32.9;10;ORAGEUX;5.6;18.7;0
PERPIGNAN;42.69;2.89;16/08/2026;13:00;32.9;10;ORAGEUX;15.0;31.0;0
PERPIGNAN;42.69;2.89;16/08/2026;14:00;31.1;10;ORAGEUX;14.5;31.0;0
PERPIGNAN;42.69;2.89;16/08/2026;15:00;31.1;10;ORAGEUX;15.6;31.3;0
PERPIGNAN;42.69;2.89;16/08/2026;16:00;31.1;10;ORAGEUX;5.5;31.3;0
PERPIGNAN;42.69;2.89;16/08/2026;17:00;31.1;10;ORAGEUX;28.1;54.4;0
PERPIGNAN;42.69;2.89;16/08/2026;18:00;31.1;10;ORAGEUX;16.1;54.4;0
PERPIGNAN;42.69;2.89;16/08/2026;19:00;31.1;10;ORAGEUX;3.3;29.5;0
PERPIGNAN;42.69;2.89;16/08/2026;20:00;27.4;10;ORAGEUX;6.7;11.5;0
PERPIGNAN;42.69;2.89;16/08/2026;21:00;27.4;10;ORAGEUX;17.2;31.3;0
PERPIGNAN;42.69;2.89;16/08/2026;22:00;27.4;10;ORAGEUX;11.4;31.0;0
PERPIGNAN;42.69;2.89;16/08/2026;23:00;26.2;0;SOLEIL;7.1;20.5;0
MONTPELLIER;43.61;3.87;15/08/2026;00:00;26.4;0;SOLEIL;2.4;4.7;0
MONTPELLIER;43.61;3.87;15/08/2026;01:00;26.1;5;SOLEIL VOILÉ;1.3;4.7;0
MONTPELLIER;43.61;3.87;15/08/2026;02:00;26.1;5;SOLEIL VOILÉ;2.0;2.9;0
MONTPELLIER;43.61;3.87;15/08/2026;03:00;25.9;2;NUAGEUX;2.3;4.0;0
MONTPELLIER;43.61;3.87;15/08/2026;04:00;25.4;5;SOLEIL VOILÉ;3.4;6.5;0
MONTPELLIER;43.61;3.87;15/08/2026;05:00;25.5;5;SOLEIL VOILÉ;4.4;9.0;0
MONTPELLIER;43.61;3.87;15/08/2026;06:00;25.9;5;SOLEIL VOILÉ;4.0;9.0;0
MONTPELLIER;43.61;3.87;15/08/2026;07:00;26.5;5;SOLEIL VOILÉ;3.8;7.9;0
MONTPELLIER;43.61;3.87;15/08/2026;08:00;27.6;5;SOLEIL VOILÉ;3.4;7.2;0
MONTPELLIER;43.61;3.87;15/08/2026;09:00;29.6;5;SOLEIL VOILÉ;2.2;6.8;0
MONTPELLIER;43.61;3.87;15/08/2026;10:00;31.1;5;SOLEIL VOILÉ;2.1;7.2;0
MONTPELLIER;43.61;3.87;15/08/2026;11:00;32.1;5;SOLEIL VOILÉ;4.6;8.3;0
MONTPELLIER;43.61;3.87;15/08/2026;12:00;33.5;5;SOLEIL VOILÉ;7.5;10.1;0
MONTPELLIER;43.61;3.87;15/08/2026;13:00;34.1;5;SOLEIL VOILÉ;10.8;15.1;0
MONTPELLIER;43.61;3.87;15/08/2026;14:00;34.6;5;SOLEIL VOILÉ;13.0;21.6;0
MONTPELLIER;43.61;3.87;15/08/2026;15:00;34;5;SOLEIL VOILÉ;14.3;23.0;0
MONTPELLIER;43.61;3.87;15/08/2026;16:00;32.6;5;SOLEIL VOILÉ;14.1;25.2;0
MONTPELLIER;43.61;3.87;15/08/2026;17:00;31.2;5;SOLEIL VOILÉ;14.4;29.2;0
MONTPELLIER;43.61;3.87;15/08/2026;18:00;30.4;5;SOLEIL VOILÉ;3.4;27.0;0
MONTPELLIER;43.61;3.87;15/08/2026;19:00;28.6;5;SOLEIL VOILÉ;9.6;20.9;0
MONTPELLIER;43.61;3.87;15/08/2026;20:00;27.9;5;SOLEIL VOILÉ;1.5;21.2;0
MONTPELLIER;43.61;3.87;15/08/2026;21:00;27.6;5;SOLEIL VOILÉ;6.0;11.9;0
MONTPELLIER;43.61;3.87;15/08/2026;22:00;26.6;5;SOLEIL VOILÉ;4.2;14.4;0
MONTPELLIER;43.61;3.87;15/08/2026;23:00;26.2;5;SOLEIL VOILÉ;2.6;8.3;0
MONTPELLIER;43.61;3.87;16/08/2026;00:00;26.1;5;SOLEIL VOILÉ;1.9;5.8;0
MONTPELLIER;43.61;3.87;16/08/2026;01:00;26.1;5;SOLEIL VOILÉ;2.1;4.7;0
MONTPELLIER;43.61;3.87;16/08/2026;02:00;25.6;0;SOLEIL;3.0;6.1;0
MONTPELLIER;43.61;3.87;16/08/2026;03:00;25.6;0;SOLEIL;2.5;6.5;0
MONTPELLIER;43.61;3.87;16/08/2026;04:00;25.6;0;SOLEIL;2.2;5.4;0
MONTPELLIER;43.61;3.87;16/08/2026;05:00;25.6;3;TRÈS NUAGEUX;2.9;6.1;0
MONTPELLIER;43.61;3.87;16/08/2026;06:00;25.6;3;TRÈS NUAGEUX;1.3;6.1;0
MONTPELLIER;43.61;3.87;16/08/2026;07:00;25.6;3;TRÈS NUAGEUX;1.9;4.3;0
MONTPELLIER;43.61;3.87;16/08/2026;08:00;28.6;0;SOLEIL;1.8;4.3;0
MONTPELLIER;43.61;3.87;16/08/2026;09:00;28.6;0;SOLEIL;0.8;4.3;0
MONTPELLIER;43.61;3.87;16/08/2026;10:00;28.6;0;SOLEIL;0.5;3.6;0
MONTPELLIER;43.61;3.87;16/08/2026;11:00;32.1;10;ORAGEUX;4.9;11.2;0
MONTPELLIER;43.61;3.87;16/08/2026;12:00;32.1;10;ORAGEUX;8.3;11.2;0
MONTPELLIER;43.61;3.87;16/08/2026;13:00;32.1;10;ORAGEUX;11.2;16.2;0
MONTPELLIER;43.61;3.87;16/08/2026;14:00;33.6;10;ORAGEUX;12.8;19.8;0
MONTPELLIER;43.61;3.87;16/08/2026;15:00;33.6;10;ORAGEUX;14.8;24.1;0
MONTPELLIER;43.61;3.87;16/08/2026;16:00;33.6;10;ORAGEUX;15.2;25.2;0
MONTPELLIER;43.61;3.87;16/08/2026;17:00;33.6;10;ORAGEUX;11.7;25.9;0
MONTPELLIER;43.61;3.87;16/08/2026;18:00;33.6;10;ORAGEUX;9.1;25.2;0
MONTPELLIER;43.61;3.87;16/08/2026;19:00;33.6;10;ORAGEUX;12.3;21.6;0
MONTPELLIER;43.61;3.87;16/08/2026;20:00;30.5;5;SOLEIL VOILÉ;11.3;24.5;0
MONTPELLIER;43.61;3.87;16/08/2026;21:00;30.5;5;SOLEIL VOILÉ;7.2;22.3;0
MONTPELLIER;43.61;3.87;16/08/2026;22:00;30.5;5;SOLEIL VOILÉ;4.7;14.0;0
MONTPELLIER;43.61;3.87;16/08/2026;23:00;29.2;0;SOLEIL;4.3;9.0;0
MARSEILLE;43.296;5.381;15/08/2026;00:00;27.2;0;SOLEIL;5.3;10.1;0
MARSEILLE;43.296;5.381;15/08/2026;01:00;27.2;0;SOLEIL;5.5;7.2;0
MARSEILLE;43.296;5.381;15/08/2026;02:00;26.6;0;SOLEIL;4.8;6.5;0
MARSEILLE;43.296;5.381;15/08/2026;03:00;26.4;0;SOLEIL;4.5;10.8;0
MARSEILLE;43.296;5.381;15/08/2026;04:00;26.4;0;SOLEIL;6.7;11.9;0
MARSEILLE;43.296;5.381;15/08/2026;05:00;26.5;0;SOLEIL;4.0;12.2;0
MARSEILLE;43.296;5.381;15/08/2026;06:00;26.7;5;SOLEIL VOILÉ;2.6;16.6;0
MARSEILLE;43.296;5.381;15/08/2026;07:00;28.6;5;SOLEIL VOILÉ;4.0;18.7;0
MARSEILLE;43.296;5.381;15/08/2026;08:00;28.9;0;SOLEIL;5.2;17.3;0
MARSEILLE;43.296;5.381;15/08/2026;09:00;29.1;0;SOLEIL;4.5;13.7;0
MARSEILLE;43.296;5.381;15/08/2026;10:00;28.7;5;SOLEIL VOILÉ;6.2;12.2;0
MARSEILLE;43.296;5.381;15/08/2026;11:00;30;0;SOLEIL;9.1;15.5;0
MARSEILLE;43.296;5.381;15/08/2026;12:00;29.7;0;SOLEIL;11.2;22.0;0
MARSEILLE;43.296;5.381;15/08/2026;13:00;30.7;0;SOLEIL;9.1;22.3;0
MARSEILLE;43.296;5.381;15/08/2026;14:00;30.9;0;SOLEIL;8.2;21.2;0
MARSEILLE;43.296;5.381;15/08/2026;15:00;31.2;0;SOLEIL;7.1;20.9;0
MARSEILLE;43.296;5.381;15/08/2026;16:00;31.4;0;SOLEIL;4.8;20.2;0
MARSEILLE;43.296;5.381;15/08/2026;17:00;31;0;SOLEIL;9.9;22.7;0
MARSEILLE;43.296;5.381;15/08/2026;18:00;30.1;0;SOLEIL;10.5;21.2;0
MARSEILLE;43.296;5.381;15/08/2026;19:00;28.9;5;SOLEIL VOILÉ;7.1;17.6;0
MARSEILLE;43.296;5.381;15/08/2026;20:00;28;5;SOLEIL VOILÉ;8.1;18.4;0
MARSEILLE;43.296;5.381;15/08/2026;21:00;27.4;5;SOLEIL VOILÉ;6.3;14.8;0
MARSEILLE;43.296;5.381;15/08/2026;22:00;27.1;5;SOLEIL VOILÉ;5.6;10.8;0
MARSEILLE;43.296;5.381;15/08/2026;23:00;27.1;5;SOLEIL VOILÉ;9.9;16.7;0
MARSEILLE;43.296;5.381;16/08/2026;00:00;26.7;0;SOLEIL;6.1;15.3;0
MARSEILLE;43.296;5.381;16/08/2026;01:00;26.7;0;SOLEIL;1.9;10.9;0
MARSEILLE;43.296;5.381;16/08/2026;02:00;25.6;0;SOLEIL;6.6;10.8;0
MARSEILLE;43.296;5.381;16/08/2026;03:00;25.6;0;SOLEIL;4.2;11.2;0
MARSEILLE;43.296;5.381;16/08/2026;04:00;25.6;0;SOLEIL;1.8;8.3;0
MARSEILLE;43.296;5.381;16/08/2026;05:00;25.1;0;SOLEIL;3.2;5.8;0
MARSEILLE;43.296;5.381;16/08/2026;06:00;25.1;0;SOLEIL;6.8;10.4;0
MARSEILLE;43.296;5.381;16/08/2026;07:00;25.1;0;SOLEIL;4.8;14.0;0
MARSEILLE;43.296;5.381;16/08/2026;08:00;28.5;0;SOLEIL;2.0;5.4;0
MARSEILLE;43.296;5.381;16/08/2026;09:00;28.5;0;SOLEIL;3.4;10.4;0
MARSEILLE;43.296;5.381;16/08/2026;10:00;28.5;0;SOLEIL;7.2;15.8;0
MARSEILLE;43.296;5.381;16/08/2026;11:00;29.1;0;SOLEIL;5.2;15.8;0
MARSEILLE;43.296;5.381;16/08/2026;12:00;29.1;0;SOLEIL;9.2;22.3;0
MARSEILLE;43.296;5.381;16/08/2026;13:00;29.1;0;SOLEIL;10.2;22.3;0
MARSEILLE;43.296;5.381;16/08/2026;14:00;28.4;10;ORAGEUX;11.1;25.2;0
MARSEILLE;43.296;5.381;16/08/2026;15:00;28.4;10;ORAGEUX;10.2;23.8;0
MARSEILLE;43.296;5.381;16/08/2026;16:00;28.4;10;ORAGEUX;8.7;22.7;0
MARSEILLE;43.296;5.381;16/08/2026;17:00;28.2;0;SOLEIL;8.9;22.0;0
MARSEILLE;43.296;5.381;16/08/2026;18:00;28.2;0;SOLEIL;10.0;22.3;0
MARSEILLE;43.296;5.381;16/08/2026;19:00;28.2;0;SOLEIL;9.5;21.6;0
MARSEILLE;43.296;5.381;16/08/2026;20:00;27.5;0;SOLEIL;3.2;19.8;0
MARSEILLE;43.296;5.381;16/08/2026;21:00;27.5;0;SOLEIL;8.0;13.0;0
MARSEILLE;43.296;5.381;16/08/2026;22:00;27.5;0;SOLEIL;7.6;19.8;0
MARSEILLE;43.296;5.381;16/08/2026;23:00;26.5;0;SOLEIL;4.0;13.7;0
AMIENS;49.894;2.295;15/08/2026;00:00;21.7;2;NUAGEUX;5.0;7.6;0
AMIENS;49.894;2.295;15/08/2026;01:00;21.1;7;PLUIE FAIBLE;1.8;3.2;0.1
AMIENS;49.894;2.295;15/08/2026;02:00;20.6;10;ORAGEUX;2.2;2.9;0.1
AMIENS;49.894;2.295;15/08/2026;03:00;20.1;10;ORAGEUX;8.3;11.5;0.1
AMIENS;49.894;2.295;15/08/2026;04:00;18.7;10;ORAGEUX;5.4;8.6;0.1
AMIENS;49.894;2.295;15/08/2026;05:00;19.1;10;ORAGEUX;6.1;7.2;0.1
AMIENS;49.894;2.295;15/08/2026;06:00;20;10;ORAGEUX;6.5;9.4;0.1
AMIENS;49.894;2.295;15/08/2026;07:00;22.2;0;SOLEIL;1.8;4.0;0
AMIENS;49.894;2.295;15/08/2026;08:00;24.7;0;SOLEIL;1.4;4.3;0
AMIENS;49.894;2.295;15/08/2026;09:00;26.6;0;SOLEIL;1.8;6.1;0
AMIENS;49.894;2.295;15/08/2026;10:00;28.6;0;SOLEIL;2.5;9.4;0
AMIENS;49.894;2.295;15/08/2026;11:00;30.2;0;SOLEIL;1.1;9.0;0
AMIENS;49.894;2.295;15/08/2026;12:00;30.9;0;SOLEIL;2.5;12.6;0
AMIENS;49.894;2.295;15/08/2026;13:00;32.7;0;SOLEIL;2.9;15.5;0
AMIENS;49.894;2.295;15/08/2026;14:00;31.7;0;SOLEIL;4.0;18.4;0
AMIENS;49.894;2.295;15/08/2026;15:00;31.9;0;SOLEIL;6.8;23.4;0
AMIENS;49.894;2.295;15/08/2026;16:00;31.5;0;SOLEIL;7.2;23.4;0
AMIENS;49.894;2.295;15/08/2026;17:00;30.9;0;SOLEIL;10.4;27.4;0
AMIENS;49.894;2.295;15/08/2026;18:00;28.5;0;SOLEIL;16.2;33.8;0
AMIENS;49.894;2.295;15/08/2026;19:00;25.7;0;SOLEIL;15.1;33.5;0
AMIENS;49.894;2.295;15/08/2026;20:00;23.2;0;SOLEIL;13.7;31.7;0
AMIENS;49.894;2.295;15/08/2026;21:00;21.5;0;SOLEIL;15.1;34.9;0
AMIENS;49.894;2.295;15/08/2026;22:00;20.7;0;SOLEIL;15.8;30.2;0
AMIENS;49.894;2.295;15/08/2026;23:00;19.5;0;SOLEIL;13.7;29.9;0
AMIENS;49.894;2.295;16/08/2026;00:00;19;0;SOLEIL;13.7;25.2;0
AMIENS;49.894;2.295;16/08/2026;01:00;19;0;SOLEIL;11.9;26.3;0
AMIENS;49.894;2.295;16/08/2026;02:00;18.2;0;SOLEIL;10.4;22.0;0
AMIENS;49.894;2.295;16/08/2026;03:00;18.2;0;SOLEIL;11.5;20.5;0
AMIENS;49.894;2.295;16/08/2026;04:00;18.2;0;SOLEIL;7.9;39.2;0
AMIENS;49.894;2.295;16/08/2026;05:00;18.5;0;SOLEIL;6.1;23.4;0
AMIENS;49.894;2.295;16/08/2026;06:00;18.5;0;SOLEIL;9.0;20.2;0
AMIENS;49.894;2.295;16/08/2026;07:00;18.5;0;SOLEIL;9.7;17.3;0
AMIENS;49.894;2.295;16/08/2026;08:00;22.4;5;SOLEIL VOILÉ;8.6;18.0;0
AMIENS;49.894;2.295;16/08/2026;09:00;22.4;5;SOLEIL VOILÉ;7.6;16.9;0
AMIENS;49.894;2.295;16/08/2026;10:00;22.4;5;SOLEIL VOILÉ;10.1;23.4;0
AMIENS;49.894;2.295;16/08/2026;11:00;26.4;5;SOLEIL VOILÉ;10.1;20.9;0
AMIENS;49.894;2.295;16/08/2026;12:00;26.4;5;SOLEIL VOILÉ;17.6;35.3;0
AMIENS;49.894;2.295;16/08/2026;13:00;26.4;5;SOLEIL VOILÉ;13.0;34.9;0
AMIENS;49.894;2.295;16/08/2026;14:00;27;5;SOLEIL VOILÉ;10.1;28.8;0
AMIENS;49.894;2.295;16/08/2026;15:00;27;5;SOLEIL VOILÉ;9.7;25.6;0
AMIENS;49.894;2.295;16/08/2026;16:00;27;5;SOLEIL VOILÉ;7.9;25.6;0
AMIENS;49.894;2.295;16/08/2026;17:00;26;0;SOLEIL;14.8;31.3;0
AMIENS;49.894;2.295;16/08/2026;18:00;26;0;SOLEIL;15.8;31.3;0
AMIENS;49.894;2.295;16/08/2026;19:00;26;0;SOLEIL;13.7;31.0;0
AMIENS;49.894;2.295;16/08/2026;20:00;20.9;0;SOLEIL;21.2;39.6;0
AMIENS;49.894;2.295;16/08/2026;21:00;20.9;0;SOLEIL;3.2;42.8;0
AMIENS;49.894;2.295;16/08/2026;22:00;20.9;0;SOLEIL;5.4;10.1;0
AMIENS;49.894;2.295;16/08/2026;23:00;18.4;0;SOLEIL;15.1;29.2;0
NICE;43.71;7.26;15/08/2026;00:00;28.6;0;SOLEIL;6.4;10.4;0
NICE;43.71;7.26;15/08/2026;01:00;28.5;0;SOLEIL;6.3;10.8;0
NICE;43.71;7.26;15/08/2026;02:00;28.7;0;SOLEIL;7.0;11.5;0
NICE;43.71;7.26;15/08/2026;03:00;28;0;SOLEIL;6.9;11.9;0
NICE;43.71;7.26;15/08/2026;04:00;27.5;0;SOLEIL;7.3;11.9;0
NICE;43.71;7.26;15/08/2026;05:00;27.1;0;SOLEIL;6.9;11.9;0
NICE;43.71;7.26;15/08/2026;06:00;28.6;0;SOLEIL;7.2;11.9;0
NICE;43.71;7.26;15/08/2026;07:00;31.4;0;SOLEIL;7.9;13.3;0
NICE;43.71;7.26;15/08/2026;08:00;32.1;0;SOLEIL;13.4;13.7;0
NICE;43.71;7.26;15/08/2026;09:00;30.7;0;SOLEIL;13.3;23.0;0
NICE;43.71;7.26;15/08/2026;10:00;31.5;0;SOLEIL;11.9;22.3;0
NICE;43.71;7.26;15/08/2026;11:00;32;0;SOLEIL;8.0;20.2;0
NICE;43.71;7.26;15/08/2026;12:00;31.4;0;SOLEIL;2.1;19.4;0
NICE;43.71;7.26;15/08/2026;13:00;32.6;0;SOLEIL;8.0;12.2;0
NICE;43.71;7.26;15/08/2026;14:00;32.1;0;SOLEIL;7.9;11.2;0
NICE;43.71;7.26;15/08/2026;15:00;31.7;5;SOLEIL VOILÉ;5.6;11.9;0
NICE;43.71;7.26;15/08/2026;16:00;31.2;5;SOLEIL VOILÉ;6.8;13.3;0
NICE;43.71;7.26;15/08/2026;17:00;31;5;SOLEIL VOILÉ;7.8;13.3;0
NICE;43.71;7.26;15/08/2026;18:00;30.5;5;SOLEIL VOILÉ;7.9;15.1;0
NICE;43.71;7.26;15/08/2026;19:00;29.5;5;SOLEIL VOILÉ;7.1;15.5;0
NICE;43.71;7.26;15/08/2026;20:00;29.1;5;SOLEIL VOILÉ;4.9;13.3;0
NICE;43.71;7.26;15/08/2026;21:00;29;5;SOLEIL VOILÉ;3.7;9.0;0
NICE;43.71;7.26;15/08/2026;22:00;28.2;5;SOLEIL VOILÉ;3.5;6.1;0
NICE;43.71;7.26;15/08/2026;23:00;28.1;0;SOLEIL;5.0;7.9;0
NICE;43.71;7.26;16/08/2026;00:00;28;0;SOLEIL;6.0;9.7;0
NICE;43.71;7.26;16/08/2026;01:00;28;0;SOLEIL;6.2;10.4;0
NICE;43.71;7.26;16/08/2026;02:00;27.1;0;SOLEIL;6.9;11.5;0
NICE;43.71;7.26;16/08/2026;03:00;27.1;0;SOLEIL;7.2;11.9;0
NICE;43.71;7.26;16/08/2026;04:00;27.1;0;SOLEIL;7.2;12.2;0
NICE;43.71;7.26;16/08/2026;05:00;28.2;0;SOLEIL;7.6;12.6;0
NICE;43.71;7.26;16/08/2026;06:00;28.2;0;SOLEIL;7.6;12.6;0
NICE;43.71;7.26;16/08/2026;07:00;28.2;0;SOLEIL;7.9;13.3;0
NICE;43.71;7.26;16/08/2026;08:00;30.5;0;SOLEIL;7.2;13.3;0
NICE;43.71;7.26;16/08/2026;09:00;30.5;0;SOLEIL;6.1;11.9;0
NICE;43.71;7.26;16/08/2026;10:00;30.5;0;SOLEIL;4.4;10.4;0
NICE;43.71;7.26;16/08/2026;11:00;30.1;10;ORAGEUX;3.4;8.6;0
NICE;43.71;7.26;16/08/2026;12:00;30.1;10;ORAGEUX;5.9;11.5;0
NICE;43.71;7.26;16/08/2026;13:00;30.1;10;ORAGEUX;8.2;13.3;0
NICE;43.71;7.26;16/08/2026;14:00;30.1;10;ORAGEUX;9.6;10.8;0
NICE;43.71;7.26;16/08/2026;15:00;30.1;10;ORAGEUX;10.5;12.6;0
NICE;43.71;7.26;16/08/2026;16:00;30.1;10;ORAGEUX;5.5;13.7;0
NICE;43.71;7.26;16/08/2026;17:00;28.7;0;SOLEIL;4.8;10.1;0
NICE;43.71;7.26;16/08/2026;18:00;28.7;0;SOLEIL;6.9;13.3;0
NICE;43.71;7.26;16/08/2026;19:00;28.7;0;SOLEIL;7.0;14.0;0
NICE;43.71;7.26;16/08/2026;20:00;27.9;0;SOLEIL;5.9;13.3;0
NICE;43.71;7.26;16/08/2026;21:00;27.9;0;SOLEIL;3.3;10.8;0
NICE;43.71;7.26;16/08/2026;22:00;27.9;0;SOLEIL;3.1;5.8;0
NICE;43.71;7.26;16/08/2026;23:00;27.4;0;SOLEIL;4.5;7.2;0
AJACCIO;41.92;8.73;15/08/2026;00:00;26.1;0;SOLEIL;3.2;7.2;0
AJACCIO;41.92;8.73;15/08/2026;01:00;25.6;0;SOLEIL;3.7;7.6;0
AJACCIO;41.92;8.73;15/08/2026;02:00;26;0;SOLEIL;3.6;7.9;0
AJACCIO;41.92;8.73;15/08/2026;03:00;25.5;0;SOLEIL;3.7;7.6;0
AJACCIO;41.92;8.73;15/08/2026;04:00;25.2;0;SOLEIL;3.7;7.6;0
AJACCIO;41.92;8.73;15/08/2026;05:00;25.5;0;SOLEIL;4.1;7.9;0
AJACCIO;41.92;8.73;15/08/2026;06:00;27.2;0;SOLEIL;4.3;8.6;0
AJACCIO;41.92;8.73;15/08/2026;07:00;30.9;0;SOLEIL;4.8;9.4;0
AJACCIO;41.92;8.73;15/08/2026;08:00;32.5;0;SOLEIL;3.8;9.7;0
AJACCIO;41.92;8.73;15/08/2026;09:00;32.4;0;SOLEIL;2.3;8.6;0
AJACCIO;41.92;8.73;15/08/2026;10:00;33.9;0;SOLEIL;4.7;12.6;0
AJACCIO;41.92;8.73;15/08/2026;11:00;34.4;0;SOLEIL;6.8;16.6;0
AJACCIO;41.92;8.73;15/08/2026;12:00;34.6;0;SOLEIL;9.7;22.3;0
AJACCIO;41.92;8.73;15/08/2026;13:00;34.1;0;SOLEIL;10.0;22.7;0
AJACCIO;41.92;8.73;15/08/2026;14:00;33.9;10;ORAGEUX;11.3;24.5;0
AJACCIO;41.92;8.73;15/08/2026;15:00;33.6;0;SOLEIL;11.3;25.9;0
AJACCIO;41.92;8.73;15/08/2026;16:00;33.2;0;SOLEIL;10.1;25.6;0
AJACCIO;41.92;8.73;15/08/2026;17:00;32.1;0;SOLEIL;10.1;23.0;0
AJACCIO;41.92;8.73;15/08/2026;18:00;30.5;0;SOLEIL;9.1;22.7;0
AJACCIO;41.92;8.73;15/08/2026;19:00;28.7;0;SOLEIL;8.4;20.9;0
AJACCIO;41.92;8.73;15/08/2026;20:00;28.1;0;SOLEIL;5.9;18.4;0
AJACCIO;41.92;8.73;15/08/2026;21:00;28.1;0;SOLEIL;3.8;13.3;0
AJACCIO;41.92;8.73;15/08/2026;22:00;27.2;0;SOLEIL;3.2;7.9;0
AJACCIO;41.92;8.73;15/08/2026;23:00;27.2;0;SOLEIL;2.8;7.2;0
AJACCIO;41.92;8.73;16/08/2026;00:00;26.2;0;SOLEIL;3.4;7.6;0
AJACCIO;41.92;8.73;16/08/2026;01:00;26.2;0;SOLEIL;3.8;7.9;0
AJACCIO;41.92;8.73;16/08/2026;02:00;24;0;SOLEIL;4.1;7.9;0
AJACCIO;41.92;8.73;16/08/2026;03:00;24;0;SOLEIL;3.8;7.9;0
AJACCIO;41.92;8.73;16/08/2026;04:00;24;0;SOLEIL;3.6;7.6;0
AJACCIO;41.92;8.73;16/08/2026;05:00;25;0;SOLEIL;3.6;7.2;0
AJACCIO;41.92;8.73;16/08/2026;06:00;25;0;SOLEIL;3.8;7.6;0
AJACCIO;41.92;8.73;16/08/2026;07:00;25;0;SOLEIL;4.1;8.3;0
AJACCIO;41.92;8.73;16/08/2026;08:00;31.1;0;SOLEIL;2.5;7.9;0
AJACCIO;41.92;8.73;16/08/2026;09:00;31.1;0;SOLEIL;2.3;6.8;0
AJACCIO;41.92;8.73;16/08/2026;10:00;31.1;0;SOLEIL;3.7;10.8;0
AJACCIO;41.92;8.73;16/08/2026;11:00;32.7;0;SOLEIL;6.7;16.2;0
AJACCIO;41.92;8.73;16/08/2026;12:00;32.7;0;SOLEIL;9.7;21.6;0
AJACCIO;41.92;8.73;16/08/2026;13:00;32.7;0;SOLEIL;11.6;26.3;0
AJACCIO;41.92;8.73;16/08/2026;14:00;32.5;0;SOLEIL;11.4;25.9;0
AJACCIO;41.92;8.73;16/08/2026;15:00;32.5;0;SOLEIL;10.9;25.6;0
AJACCIO;41.92;8.73;16/08/2026;16:00;32.5;0;SOLEIL;10.4;24.8;0
AJACCIO;41.92;8.73;16/08/2026;17:00;29.7;0;SOLEIL;8.7;23.8;0
AJACCIO;41.92;8.73;16/08/2026;18:00;29.7;0;SOLEIL;8.0;20.2;0
AJACCIO;41.92;8.73;16/08/2026;19:00;29.7;0;SOLEIL;7.2;18.4;0
AJACCIO;41.92;8.73;16/08/2026;20:00;26;0;SOLEIL;5.1;15.8;0
AJACCIO;41.92;8.73;16/08/2026;21:00;26;0;SOLEIL;3.8;11.5;0
AJACCIO;41.92;8.73;16/08/2026;22:00;26;0;SOLEIL;1.8;5.4;0
AJACCIO;41.92;8.73;16/08/2026;23:00;23.6;0;SOLEIL;3.9;7.9;0
BASTIA;42.69;9.45;15/08/2026;00:00;28.2;0;SOLEIL;12.0;22.7;0
BASTIA;42.69;9.45;15/08/2026;01:00;29.6;0;SOLEIL;11.3;22.3;0
BASTIA;42.69;9.45;15/08/2026;02:00;29.5;0;SOLEIL;11.9;21.2;0
BASTIA;42.69;9.45;15/08/2026;03:00;28.5;0;SOLEIL;12.6;22.3;0
BASTIA;42.69;9.45;15/08/2026;04:00;28;0;SOLEIL;12.3;22.7;0
BASTIA;42.69;9.45;15/08/2026;05:00;28.6;0;SOLEIL;11.2;22.3;0
BASTIA;42.69;9.45;15/08/2026;06:00;28.5;0;SOLEIL;10.4;20.9;0
BASTIA;42.69;9.45;15/08/2026;07:00;30;0;SOLEIL;9.7;20.9;0
BASTIA;42.69;9.45;15/08/2026;08:00;33;0;SOLEIL;7.9;19.4;0
BASTIA;42.69;9.45;15/08/2026;09:00;33.1;0;SOLEIL;2.4;16.2;0
BASTIA;42.69;9.45;15/08/2026;10:00;34.1;0;SOLEIL;4.3;10.4;0
BASTIA;42.69;9.45;15/08/2026;11:00;33.9;0;SOLEIL;6.1;14.8;0
BASTIA;42.69;9.45;15/08/2026;12:00;33.4;0;SOLEIL;8.8;19.8;0
BASTIA;42.69;9.45;15/08/2026;13:00;33.2;10;ORAGEUX;9.5;22.0;0
BASTIA;42.69;9.45;15/08/2026;14:00;33;10;ORAGEUX;9.0;22.3;0
BASTIA;42.69;9.45;15/08/2026;15:00;33;10;ORAGEUX;8.4;21.2;0
BASTIA;42.69;9.45;15/08/2026;16:00;32.5;0;SOLEIL;7.2;20.5;0
BASTIA;42.69;9.45;15/08/2026;17:00;31.5;0;SOLEIL;6.5;16.9;0
BASTIA;42.69;9.45;15/08/2026;18:00;30.6;0;SOLEIL;4.3;11.5;0
BASTIA;42.69;9.45;15/08/2026;19:00;30.1;0;SOLEIL;5.2;10.4;0
BASTIA;42.69;9.45;15/08/2026;20:00;29.6;0;SOLEIL;7.1;13.3;0
BASTIA;42.69;9.45;15/08/2026;21:00;27.6;0;SOLEIL;10.3;18.7;0
BASTIA;42.69;9.45;15/08/2026;22:00;27.1;0;SOLEIL;11.3;20.2;0
BASTIA;42.69;9.45;15/08/2026;23:00;28.5;0;SOLEIL;12.0;22.0;0
BASTIA;42.69;9.45;16/08/2026;00:00;28.6;0;SOLEIL;11.9;22.0;0
BASTIA;42.69;9.45;16/08/2026;01:00;28.6;0;SOLEIL;11.6;22.0;0
BASTIA;42.69;9.45;16/08/2026;02:00;27.1;0;SOLEIL;9.2;22.0;0
BASTIA;42.69;9.45;16/08/2026;03:00;27.1;0;SOLEIL;7.6;17.6;0
BASTIA;42.69;9.45;16/08/2026;04:00;27.1;0;SOLEIL;7.2;14.8;0
BASTIA;42.69;9.45;16/08/2026;05:00;28.4;0;SOLEIL;7.2;13.7;0
BASTIA;42.69;9.45;16/08/2026;06:00;28.4;0;SOLEIL;7.6;14.8;0
BASTIA;42.69;9.45;16/08/2026;07:00;28.4;0;SOLEIL;7.6;15.1;0
BASTIA;42.69;9.45;16/08/2026;08:00;32.5;0;SOLEIL;6.8;14.8;0
BASTIA;42.69;9.45;16/08/2026;09:00;32.5;0;SOLEIL;3.1;12.6;0
BASTIA;42.69;9.45;16/08/2026;10:00;32.5;0;SOLEIL;4.4;9.0;0
BASTIA;42.69;9.45;16/08/2026;11:00;32.6;10;ORAGEUX;7.3;15.5;0
BASTIA;42.69;9.45;16/08/2026;12:00;32.6;10;ORAGEUX;8.8;19.4;0
BASTIA;42.69;9.45;16/08/2026;13:00;32.6;10;ORAGEUX;10.2;21.6;0
BASTIA;42.69;9.45;16/08/2026;14:00;32.6;10;ORAGEUX;6.4;20.9;0
BASTIA;42.69;9.45;16/08/2026;15:00;32.6;10;ORAGEUX;6.4;15.1;0
BASTIA;42.69;9.45;16/08/2026;16:00;32.6;10;ORAGEUX;6.0;18.7;0
BASTIA;42.69;9.45;16/08/2026;17:00;29.2;0;SOLEIL;5.8;14.8;0
BASTIA;42.69;9.45;16/08/2026;18:00;29.2;0;SOLEIL;2.0;14.8;0
BASTIA;42.69;9.45;16/08/2026;19:00;29.2;0;SOLEIL;0.5;5.4;0
BASTIA;42.69;9.45;16/08/2026;20:00;27.4;0;SOLEIL;1.1;4.7;0
BASTIA;42.69;9.45;16/08/2026;21:00;27.4;0;SOLEIL;5.5;9.4;0
BASTIA;42.69;9.45;16/08/2026;22:00;27.4;0;SOLEIL;8.0;14.8;0
BASTIA;42.69;9.45;16/08/2026;23:00;27.6;0;SOLEIL;8.3;15.1;0
ALENÇON;48.43;0.09;15/08/2026;00:00;21.5;10;ORAGEUX;3.3;6.5;0
ALENÇON;48.43;0.09;15/08/2026;01:00;21;10;ORAGEUX;3.2;6.8;0
ALENÇON;48.43;0.09;15/08/2026;02:00;20.1;5;SOLEIL VOILÉ;1.9;5.8;0
ALENÇON;48.43;0.09;15/08/2026;03:00;20.1;5;SOLEIL VOILÉ;2.6;5.4;0
ALENÇON;48.43;0.09;15/08/2026;04:00;19.1;5;SOLEIL VOILÉ;3.7;7.6;0
ALENÇON;48.43;0.09;15/08/2026;05:00;18.7;5;SOLEIL VOILÉ;4.2;7.6;0
ALENÇON;48.43;0.09;15/08/2026;06:00;20.1;10;ORAGEUX;4.1;7.6;0
ALENÇON;48.43;0.09;15/08/2026;07:00;22.6;5;SOLEIL VOILÉ;2.3;7.2;0
ALENÇON;48.43;0.09;15/08/2026;08:00;24.7;5;SOLEIL VOILÉ;2.8;7.6;0
ALENÇON;48.43;0.09;15/08/2026;09:00;26.4;5;SOLEIL VOILÉ;4.2;9.0;0
ALENÇON;48.43;0.09;15/08/2026;10:00;29.2;5;SOLEIL VOILÉ;2.8;9.7;0
ALENÇON;48.43;0.09;15/08/2026;11:00;30.2;5;SOLEIL VOILÉ;3.5;7.6;0
ALENÇON;48.43;0.09;15/08/2026;12:00;31.4;5;SOLEIL VOILÉ;4.7;11.9;0
ALENÇON;48.43;0.09;15/08/2026;13:00;32.1;5;SOLEIL VOILÉ;6.3;15.1;0
ALENÇON;48.43;0.09;15/08/2026;14:00;32.6;5;SOLEIL VOILÉ;6.5;14.8;0
ALENÇON;48.43;0.09;15/08/2026;15:00;32.7;5;SOLEIL VOILÉ;7.3;24.1;0
ALENÇON;48.43;0.09;15/08/2026;16:00;31.6;5;SOLEIL VOILÉ;10.9;20.9;0
ALENÇON;48.43;0.09;15/08/2026;17:00;30.1;5;SOLEIL VOILÉ;14.8;28.8;0
ALENÇON;48.43;0.09;15/08/2026;18:00;28.6;5;SOLEIL VOILÉ;16.2;32.4;0
ALENÇON;48.43;0.09;15/08/2026;19:00;26.7;5;SOLEIL VOILÉ;16.9;35.3;0
ALENÇON;48.43;0.09;15/08/2026;20:00;23.7;0;SOLEIL;15.1;34.6;0
ALENÇON;48.43;0.09;15/08/2026;21:00;22;0;SOLEIL;12.4;31.0;0
ALENÇON;48.43;0.09;15/08/2026;22:00;21.6;0;SOLEIL;10.4;24.1;0
ALENÇON;48.43;0.09;15/08/2026;23:00;20.6;0;SOLEIL;8.7;20.9;0
ALENÇON;48.43;0.09;16/08/2026;00:00;19.9;0;SOLEIL;8.2;16.9;0
ALENÇON;48.43;0.09;16/08/2026;01:00;19.9;0;SOLEIL;11.9;24.5;0
ALENÇON;48.43;0.09;16/08/2026;02:00;18.6;0;SOLEIL;7.6;21.2;0
ALENÇON;48.43;0.09;16/08/2026;03:00;18.6;0;SOLEIL;7.9;15.5;0
ALENÇON;48.43;0.09;16/08/2026;04:00;18.6;0;SOLEIL;8.2;15.8;0
ALENÇON;48.43;0.09;16/08/2026;05:00;19.4;0;SOLEIL;5.9;15.8;0
ALENÇON;48.43;0.09;16/08/2026;06:00;19.4;0;SOLEIL;3.9;10.8;0
ALENÇON;48.43;0.09;16/08/2026;07:00;19.4;0;SOLEIL;2.3;6.8;0
ALENÇON;48.43;0.09;16/08/2026;08:00;24.2;0;SOLEIL;2.0;4.7;0
ALENÇON;48.43;0.09;16/08/2026;09:00;24.2;0;SOLEIL;4.8;10.4;0
ALENÇON;48.43;0.09;16/08/2026;10:00;24.2;0;SOLEIL;8.8;18.7;0
ALENÇON;48.43;0.09;16/08/2026;11:00;29.1;0;SOLEIL;8.5;19.1;0
ALENÇON;48.43;0.09;16/08/2026;12:00;29.1;0;SOLEIL;10.9;22.3;0
ALENÇON;48.43;0.09;16/08/2026;13:00;29.1;0;SOLEIL;9.4;23.8;0
ALENÇON;48.43;0.09;16/08/2026;14:00;29.1;0;SOLEIL;10.4;23.0;0
ALENÇON;48.43;0.09;16/08/2026;15:00;29.1;0;SOLEIL;10.5;24.5;0
ALENÇON;48.43;0.09;16/08/2026;16:00;29.1;0;SOLEIL;14.0;22.0;0
ALENÇON;48.43;0.09;16/08/2026;17:00;28.1;0;SOLEIL;15.2;27.0;0
ALENÇON;48.43;0.09;16/08/2026;18:00;28.1;0;SOLEIL;17.1;35.6;0
ALENÇON;48.43;0.09;16/08/2026;19:00;28.1;0;SOLEIL;19.5;39.2;0
ALENÇON;48.43;0.09;16/08/2026;20:00;23;0;SOLEIL;16.2;39.2;0
ALENÇON;48.43;0.09;16/08/2026;21:00;23;0;SOLEIL;13.4;32.0;0
ALENÇON;48.43;0.09;16/08/2026;22:00;23;0;SOLEIL;13.0;26.3;0
ALENÇON;48.43;0.09;16/08/2026;23:00;20.1;0;SOLEIL;12.7;26.6;0
BOURG-ST-MAURICE;45.62;6.77;15/08/2026;00:00;17.9;0;SOLEIL;4.1;6.5;0
BOURG-ST-MAURICE;45.62;6.77;15/08/2026;01:00;17.7;0;SOLEIL;4.0;5.8;0
BOURG-ST-MAURICE;45.62;6.77;15/08/2026;02:00;17.1;0;SOLEIL;3.3;5.4;0
BOURG-ST-MAURICE;45.62;6.77;15/08/2026;03:00;16;0;SOLEIL;3.1;4.3;0
BOURG-ST-MAURICE;45.62;6.77;15/08/2026;04:00;17.1;0;SOLEIL;3.1;4.7;0
BOURG-ST-MAURICE;45.62;6.77;15/08/2026;05:00;16.6;0;SOLEIL;4.0;4.0;0
BOURG-ST-MAURICE;45.62;6.77;15/08/2026;06:00;17.9;0;SOLEIL;3.6;4.7;0
BOURG-ST-MAURICE;45.62;6.77;15/08/2026;07:00;20.1;0;SOLEIL;3.4;5.0;0
BOURG-ST-MAURICE;45.62;6.77;15/08/2026;08:00;22.4;0;SOLEIL;1.0;4.7;0
BOURG-ST-MAURICE;45.62;6.77;15/08/2026;09:00;25.1;0;SOLEIL;1.1;4.0;0
BOURG-ST-MAURICE;45.62;6.77;15/08/2026;10:00;28.1;0;SOLEIL;1.1;4.3;0
BOURG-ST-MAURICE;45.62;6.77;15/08/2026;11:00;30;0;SOLEIL;1.4;6.1;0
BOURG-ST-MAURICE;45.62;6.77;15/08/2026;12:00;30.7;0;SOLEIL;2.5;7.9;0
BOURG-ST-MAURICE;45.62;6.77;15/08/2026;13:00;31.7;0;SOLEIL;8.0;18.0;0
BOURG-ST-MAURICE;45.62;6.77;15/08/2026;14:00;30.6;0;SOLEIL;9.8;24.8;0
BOURG-ST-MAURICE;45.62;6.77;15/08/2026;15:00;30;0;SOLEIL;18.1;44.6;0
BOURG-ST-MAURICE;45.62;6.77;15/08/2026;16:00;29.9;2;NUAGEUX;20.9;29.2;0
BOURG-ST-MAURICE;45.62;6.77;15/08/2026;17:00;27.7;6;AVERSES;6.9;42.8;0.2
BOURG-ST-MAURICE;45.62;6.77;15/08/2026;18:00;25.6;2;NUAGEUX;5.6;32.0;0
BOURG-ST-MAURICE;45.62;6.77;15/08/2026;19:00;24.1;2;NUAGEUX;3.3;10.4;0
BOURG-ST-MAURICE;45.62;6.77;15/08/2026;20:00;22.6;5;SOLEIL VOILÉ;3.4;5.4;0
BOURG-ST-MAURICE;45.62;6.77;15/08/2026;21:00;20.7;5;SOLEIL VOILÉ;1.3;5.8;0
BOURG-ST-MAURICE;45.62;6.77;15/08/2026;22:00;20.1;5;SOLEIL VOILÉ;2.6;6.8;0
BOURG-ST-MAURICE;45.62;6.77;15/08/2026;23:00;19.7;5;SOLEIL VOILÉ;1.0;4.3;0
BOURG-ST-MAURICE;45.62;6.77;16/08/2026;00:00;18.6;5;SOLEIL VOILÉ;0.7;2.9;0
BOURG-ST-MAURICE;45.62;6.77;16/08/2026;01:00;18.6;5;SOLEIL VOILÉ;5.2;7.2;0
BOURG-ST-MAURICE;45.62;6.77;16/08/2026;02:00;16.6;0;SOLEIL;4.0;6.5;0
BOURG-ST-MAURICE;45.62;6.77;16/08/2026;03:00;16.6;0;SOLEIL;5.1;5.4;0
BOURG-ST-MAURICE;45.62;6.77;16/08/2026;04:00;16.6;0;SOLEIL;5.6;7.6;0
BOURG-ST-MAURICE;45.62;6.77;16/08/2026;05:00;17.7;0;SOLEIL;5.8;6.5;0
BOURG-ST-MAURICE;45.62;6.77;16/08/2026;06:00;17.7;0;SOLEIL;5.2;6.1;0
BOURG-ST-MAURICE;45.62;6.77;16/08/2026;07:00;17.7;0;SOLEIL;5.2;6.5;0
BOURG-ST-MAURICE;45.62;6.77;16/08/2026;08:00;24.4;0;SOLEIL;0.8;6.1;0
BOURG-ST-MAURICE;45.62;6.77;16/08/2026;09:00;24.4;0;SOLEIL;1.5;4.0;0
BOURG-ST-MAURICE;45.62;6.77;16/08/2026;10:00;24.4;0;SOLEIL;1.1;3.6;0
BOURG-ST-MAURICE;45.62;6.77;16/08/2026;11:00;27.6;5;SOLEIL VOILÉ;0.7;4.0;0
BOURG-ST-MAURICE;45.62;6.77;16/08/2026;12:00;27.6;5;SOLEIL VOILÉ;1.3;4.7;0
BOURG-ST-MAURICE;45.62;6.77;16/08/2026;13:00;27.6;5;SOLEIL VOILÉ;3.7;9.0;0
BOURG-ST-MAURICE;45.62;6.77;16/08/2026;14:00;28.7;6;AVERSES;9.4;18.0;0
BOURG-ST-MAURICE;45.62;6.77;16/08/2026;15:00;28.7;6;AVERSES;12.3;19.4;0
BOURG-ST-MAURICE;45.62;6.77;16/08/2026;16:00;28.7;6;AVERSES;13.7;18.4;0
BOURG-ST-MAURICE;45.62;6.77;16/08/2026;17:00;23.4;10;ORAGEUX;15.0;25.9;0
BOURG-ST-MAURICE;45.62;6.77;16/08/2026;18:00;23.4;10;ORAGEUX;8.9;25.6;0
BOURG-ST-MAURICE;45.62;6.77;16/08/2026;19:00;23.4;10;ORAGEUX;6.5;19.8;0
BOURG-ST-MAURICE;45.62;6.77;16/08/2026;20:00;19.6;5;SOLEIL VOILÉ;5.0;10.8;0
BOURG-ST-MAURICE;45.62;6.77;16/08/2026;21:00;19.6;5;SOLEIL VOILÉ;4.9;8.6;0
BOURG-ST-MAURICE;45.62;6.77;16/08/2026;22:00;19.6;5;SOLEIL VOILÉ;2.3;7.9;0
BOURG-ST-MAURICE;45.62;6.77;16/08/2026;23:00;17.7;0;SOLEIL;4.3;6.1;0
CHALON/SAÔNE;46.78;4.85;15/08/2026;00:00;24.7;5;SOLEIL VOILÉ;2.9;5.4;0
CHALON/SAÔNE;46.78;4.85;15/08/2026;01:00;24.4;5;SOLEIL VOILÉ;3.8;9.0;0
CHALON/SAÔNE;46.78;4.85;15/08/2026;02:00;24;5;SOLEIL VOILÉ;3.2;7.6;0
CHALON/SAÔNE;46.78;4.85;15/08/2026;03:00;22.6;5;SOLEIL VOILÉ;4.0;8.3;0
CHALON/SAÔNE;46.78;4.85;15/08/2026;04:00;23.1;5;SOLEIL VOILÉ;1.5;6.8;0
CHALON/SAÔNE;46.78;4.85;15/08/2026;05:00;23.7;5;SOLEIL VOILÉ;1.9;5.4;0
CHALON/SAÔNE;46.78;4.85;15/08/2026;06:00;24.2;5;SOLEIL VOILÉ;5.2;11.5;0
CHALON/SAÔNE;46.78;4.85;15/08/2026;07:00;27.1;0;SOLEIL;3.6;8.6;0
CHALON/SAÔNE;46.78;4.85;15/08/2026;08:00;29.1;0;SOLEIL;1.6;8.3;0
CHALON/SAÔNE;46.78;4.85;15/08/2026;09:00;30.1;0;SOLEIL;2.2;6.8;0
CHALON/SAÔNE;46.78;4.85;15/08/2026;10:00;32.2;0;SOLEIL;5.1;18.4;0
CHALON/SAÔNE;46.78;4.85;15/08/2026;11:00;34.4;0;SOLEIL;6.9;18.4;0
CHALON/SAÔNE;46.78;4.85;15/08/2026;12:00;35.1;0;SOLEIL;1.3;13.0;0
CHALON/SAÔNE;46.78;4.85;15/08/2026;13:00;35.5;5;SOLEIL VOILÉ;6.0;14.0;0
CHALON/SAÔNE;46.78;4.85;15/08/2026;14:00;36.1;5;SOLEIL VOILÉ;6.0;19.4;0
CHALON/SAÔNE;46.78;4.85;15/08/2026;15:00;37;5;SOLEIL VOILÉ;9.8;18.0;0
CHALON/SAÔNE;46.78;4.85;15/08/2026;16:00;36.5;5;SOLEIL VOILÉ;3.6;15.1;0
CHALON/SAÔNE;46.78;4.85;15/08/2026;17:00;36.5;5;SOLEIL VOILÉ;3.3;12.6;0
CHALON/SAÔNE;46.78;4.85;15/08/2026;18:00;34.6;2;NUAGEUX;3.8;10.4;0
CHALON/SAÔNE;46.78;4.85;15/08/2026;19:00;33.4;2;NUAGEUX;7.9;13.3;0
CHALON/SAÔNE;46.78;4.85;15/08/2026;20:00;30.4;2;NUAGEUX;5.1;16.6;0
CHALON/SAÔNE;46.78;4.85;15/08/2026;21:00;27.7;2;NUAGEUX;7.6;15.1;0
CHALON/SAÔNE;46.78;4.85;15/08/2026;22:00;26.6;2;NUAGEUX;6.3;14.4;0
CHALON/SAÔNE;46.78;4.85;15/08/2026;23:00;25.7;2;NUAGEUX;5.4;12.6;0
CHALON/SAÔNE;46.78;4.85;16/08/2026;00:00;25;2;NUAGEUX;9.2;18.4;0
CHALON/SAÔNE;46.78;4.85;16/08/2026;01:00;25;2;NUAGEUX;5.5;15.5;0
CHALON/SAÔNE;46.78;4.85;16/08/2026;02:00;23.4;5;SOLEIL VOILÉ;4.7;10.4;0
CHALON/SAÔNE;46.78;4.85;16/08/2026;03:00;23.4;5;SOLEIL VOILÉ;2.1;7.9;0
CHALON/SAÔNE;46.78;4.85;16/08/2026;04:00;23.4;5;SOLEIL VOILÉ;3.8;6.8;0
CHALON/SAÔNE;46.78;4.85;16/08/2026;05:00;25.1;5;SOLEIL VOILÉ;1.1;7.9;0
CHALON/SAÔNE;46.78;4.85;16/08/2026;06:00;25.1;5;SOLEIL VOILÉ;2.9;5.4;0
CHALON/SAÔNE;46.78;4.85;16/08/2026;07:00;25.1;5;SOLEIL VOILÉ;2.2;5.8;0
CHALON/SAÔNE;46.78;4.85;16/08/2026;08:00;29;10;ORAGEUX;1.8;5.8;0
CHALON/SAÔNE;46.78;4.85;16/08/2026;09:00;29;10;ORAGEUX;1.1;4.3;0
CHALON/SAÔNE;46.78;4.85;16/08/2026;10:00;29;10;ORAGEUX;2.1;7.2;0
CHALON/SAÔNE;46.78;4.85;16/08/2026;11:00;33.6;10;ORAGEUX;3.5;10.4;0
CHALON/SAÔNE;46.78;4.85;16/08/2026;12:00;33.6;10;ORAGEUX;2.4;10.8;0
CHALON/SAÔNE;46.78;4.85;16/08/2026;13:00;33.6;10;ORAGEUX;1.6;7.9;0
CHALON/SAÔNE;46.78;4.85;16/08/2026;14:00;34.5;10;ORAGEUX;3.8;11.2;0
CHALON/SAÔNE;46.78;4.85;16/08/2026;15:00;34.5;10;ORAGEUX;6.9;13.0;0
CHALON/SAÔNE;46.78;4.85;16/08/2026;16:00;34.5;10;ORAGEUX;11.0;22.0;0
CHALON/SAÔNE;46.78;4.85;16/08/2026;17:00;30.2;10;ORAGEUX;28.3;66.2;0
CHALON/SAÔNE;46.78;4.85;16/08/2026;18:00;30.2;10;ORAGEUX;8.8;50.8;0
CHALON/SAÔNE;46.78;4.85;16/08/2026;19:00;30.2;10;ORAGEUX;9.4;18.7;0
CHALON/SAÔNE;46.78;4.85;16/08/2026;20:00;24.2;10;ORAGEUX;6.1;19.4;0
CHALON/SAÔNE;46.78;4.85;16/08/2026;21:00;24.2;10;ORAGEUX;9.8;24.5;0
CHALON/SAÔNE;46.78;4.85;16/08/2026;22:00;24.2;10;ORAGEUX;7.8;17.6;0
CHALON/SAÔNE;46.78;4.85;16/08/2026;23:00;22.1;10;ORAGEUX;8.6;17.3;0
AGEN;44.2;0.61;15/08/2026;00:00;24.1;5;SOLEIL VOILÉ;2.5;8.3;0
AGEN;44.2;0.61;15/08/2026;01:00;23.1;5;SOLEIL VOILÉ;1.5;5.0;0
AGEN;44.2;0.61;15/08/2026;02:00;22.6;5;SOLEIL VOILÉ;4.9;12.6;0
AGEN;44.2;0.61;15/08/2026;03:00;22.1;5;SOLEIL VOILÉ;4.0;10.4;0
AGEN;44.2;0.61;15/08/2026;04:00;21.9;5;SOLEIL VOILÉ;4.7;9.4;0
AGEN;44.2;0.61;15/08/2026;05:00;21.9;5;SOLEIL VOILÉ;6.7;11.9;0
AGEN;44.2;0.61;15/08/2026;06:00;22.1;5;SOLEIL VOILÉ;7.7;16.9;0
AGEN;44.2;0.61;15/08/2026;07:00;24.4;5;SOLEIL VOILÉ;6.9;16.6;0
AGEN;44.2;0.61;15/08/2026;08:00;25.6;5;SOLEIL VOILÉ;8.1;14.4;0
AGEN;44.2;0.61;15/08/2026;09:00;26.9;5;SOLEIL VOILÉ;6.8;16.2;0
AGEN;44.2;0.61;15/08/2026;10:00;27.5;5;SOLEIL VOILÉ;5.9;11.9;0
AGEN;44.2;0.61;15/08/2026;11:00;29.6;5;SOLEIL VOILÉ;5.9;13.7;0
AGEN;44.2;0.61;15/08/2026;12:00;31.7;5;SOLEIL VOILÉ;5.1;13.7;0
AGEN;44.2;0.61;15/08/2026;13:00;32.6;5;SOLEIL VOILÉ;5.4;13.3;0
AGEN;44.2;0.61;15/08/2026;14:00;33.4;5;SOLEIL VOILÉ;4.0;13.3;0
AGEN;44.2;0.61;15/08/2026;15:00;33.9;5;SOLEIL VOILÉ;4.8;12.6;0
AGEN;44.2;0.61;15/08/2026;16:00;32.5;6;AVERSES;5.2;13.3;0.1
AGEN;44.2;0.61;15/08/2026;17:00;29.1;10;ORAGEUX;7.2;14.0;0.1
AGEN;44.2;0.61;15/08/2026;18:00;28.6;10;ORAGEUX;5.0;12.6;0.2
AGEN;44.2;0.61;15/08/2026;19:00;25.5;10;ORAGEUX;4.7;12.6;2.9
AGEN;44.2;0.61;15/08/2026;20:00;24;10;ORAGEUX;3.7;8.6;11.5
AGEN;44.2;0.61;15/08/2026;21:00;24.2;10;ORAGEUX;3.0;7.6;3.7
AGEN;44.2;0.61;15/08/2026;22:00;23.6;10;ORAGEUX;8.9;16.2;0.4
AGEN;44.2;0.61;15/08/2026;23:00;21.9;2;NUAGEUX;11.5;23.0;0
AGEN;44.2;0.61;16/08/2026;00:00;22.4;2;NUAGEUX;14.6;30.2;0
AGEN;44.2;0.61;16/08/2026;01:00;22.4;2;NUAGEUX;14.0;29.5;0
AGEN;44.2;0.61;16/08/2026;02:00;21.6;10;ORAGEUX;10.2;28.4;0
AGEN;44.2;0.61;16/08/2026;03:00;21.6;10;ORAGEUX;9.0;19.8;0
AGEN;44.2;0.61;16/08/2026;04:00;21.6;10;ORAGEUX;9.0;19.1;0
AGEN;44.2;0.61;16/08/2026;05:00;21.6;10;ORAGEUX;8.3;18.7;0
AGEN;44.2;0.61;16/08/2026;06:00;21.6;10;ORAGEUX;6.8;16.2;0
AGEN;44.2;0.61;16/08/2026;07:00;21.6;10;ORAGEUX;5.8;14.4;0
AGEN;44.2;0.61;16/08/2026;08:00;24.2;2;NUAGEUX;6.1;13.3;0
AGEN;44.2;0.61;16/08/2026;09:00;24.2;2;NUAGEUX;11.4;23.8;0
AGEN;44.2;0.61;16/08/2026;10:00;24.2;2;NUAGEUX;8.4;23.4;0
AGEN;44.2;0.61;16/08/2026;11:00;28.5;5;SOLEIL VOILÉ;11.2;24.1;0
AGEN;44.2;0.61;16/08/2026;12:00;28.5;5;SOLEIL VOILÉ;10.9;23.4;0
AGEN;44.2;0.61;16/08/2026;13:00;28.5;5;SOLEIL VOILÉ;6.0;18.7;0
AGEN;44.2;0.61;16/08/2026;14:00;31.6;5;SOLEIL VOILÉ;6.1;17.3;0
AGEN;44.2;0.61;16/08/2026;15:00;31.6;5;SOLEIL VOILÉ;2.5;9.0;0
AGEN;44.2;0.61;16/08/2026;16:00;31.6;5;SOLEIL VOILÉ;4.7;6.5;0
AGEN;44.2;0.61;16/08/2026;17:00;26.1;10;ORAGEUX;6.8;9.0;0
AGEN;44.2;0.61;16/08/2026;18:00;26.1;10;ORAGEUX;7.1;9.7;0
AGEN;44.2;0.61;16/08/2026;19:00;26.1;10;ORAGEUX;6.4;10.4;0
AGEN;44.2;0.61;16/08/2026;20:00;23.1;0;SOLEIL;5.2;10.4;0
AGEN;44.2;0.61;16/08/2026;21:00;23.1;0;SOLEIL;4.9;10.4;0
AGEN;44.2;0.61;16/08/2026;22:00;23.1;0;SOLEIL;5.5;16.2;0
AGEN;44.2;0.61;16/08/2026;23:00;21.6;0;SOLEIL;8.6;23.8;0
